DEBUG - 2026-09-21 01:51:44 --> Session: Class initialized using 'CodeIgniter\Session\Handlers\FileHandler' driver.
DEBUG - 2026-09-21 01:51:49 --> Session: Class initialized using 'CodeIgniter\Session\Handlers\FileHandler' driver.
DEBUG - 2026-09-21 01:51:50 --> Session: Class initialized using 'CodeIgniter\Session\Handlers\FileHandler' driver.
DEBUG - 2026-09-21 01:51:51 --> Session: Class initialized using 'CodeIgniter\Session\Handlers\FileHandler' driver.
DEBUG - 2026-09-21 02:00:39 --> Session: Class initialized using 'CodeIgniter\Session\Handlers\FileHandler' driver.
DEBUG - 2026-09-21 02:00:54 --> Session: Class initialized using 'CodeIgniter\Session\Handlers\FileHandler' driver.
DEBUG - 2026-09-21 02:00:54 --> Session: Class initialized using 'CodeIgniter\Session\Handlers\FileHandler' driver.
DEBUG - 2026-09-21 02:00:58 --> Session: Class initialized using 'CodeIgniter\Session\Handlers\FileHandler' driver.
DEBUG - 2026-09-21 02:00:59 --> Session: Class initialized using 'CodeIgniter\Session\Handlers\FileHandler' driver.
DEBUG - 2026-09-21 02:01:05 --> Session: Class initialized using 'CodeIgniter\Session\Handlers\FileHandler' driver.
DEBUG - 2026-09-21 02:01:09 --> Session: Class initialized using 'CodeIgniter\Session\Handlers\FileHandler' driver.
DEBUG - 2026-09-21 02:01:14 --> Session: Class initialized using 'CodeIgniter\Session\Handlers\FileHandler' driver.
DEBUG - 2026-09-21 02:01:43 --> Session: Class initialized using 'CodeIgniter\Session\Handlers\FileHandler' driver.
DEBUG - 2026-09-21 02:01:59 --> Session: Class initialized using 'CodeIgniter\Session\Handlers\FileHandler' driver.
DEBUG - 2026-09-21 02:02:07 --> Session: Class initialized using 'CodeIgniter\Session\Handlers\FileHandler' driver.
DEBUG - 2026-09-21 02:02:08 --> Session: Class initialized using 'CodeIgniter\Session\Handlers\FileHandler' driver.
DEBUG - 2026-09-21 02:02:16 --> Session: Class initialized using 'CodeIgniter\Session\Handlers\FileHandler' driver.
DEBUG - 2026-09-21 02:03:07 --> Session: Class initialized using 'CodeIgniter\Session\Handlers\FileHandler' driver.
DEBUG - 2026-09-21 02:03:17 --> Session: Class initialized using 'CodeIgniter\Session\Handlers\FileHandler' driver.
DEBUG - 2026-09-21 02:03:48 --> Session: Class initialized using 'CodeIgniter\Session\Handlers\FileHandler' driver.
DEBUG - 2026-09-21 02:04:26 --> Session: Class initialized using 'CodeIgniter\Session\Handlers\FileHandler' driver.
DEBUG - 2026-09-21 02:04:54 --> Session: Class initialized using 'CodeIgniter\Session\Handlers\FileHandler' driver.
DEBUG - 2026-09-21 02:05:00 --> Session: Class initialized using 'CodeIgniter\Session\Handlers\FileHandler' driver.
DEBUG - 2026-09-21 02:05:38 --> Session: Class initialized using 'CodeIgniter\Session\Handlers\FileHandler' driver.
DEBUG - 2026-09-21 02:06:29 --> Session: Class initialized using 'CodeIgniter\Session\Handlers\FileHandler' driver.
DEBUG - 2026-09-21 02:07:12 --> Session: Class initialized using 'CodeIgniter\Session\Handlers\FileHandler' driver.
DEBUG - 2026-09-21 02:07:14 --> Session: Class initialized using 'CodeIgniter\Session\Handlers\FileHandler' driver.
DEBUG - 2026-09-21 02:07:26 --> Session: Class initialized using 'CodeIgniter\Session\Handlers\FileHandler' driver.
DEBUG - 2026-09-21 02:08:03 --> Session: Class initialized using 'CodeIgniter\Session\Handlers\FileHandler' driver.
DEBUG - 2026-09-21 02:08:20 --> Session: Class initialized using 'CodeIgniter\Session\Handlers\FileHandler' driver.
DEBUG - 2026-09-21 02:08:26 --> Session: Class initialized using 'CodeIgniter\Session\Handlers\FileHandler' driver.
DEBUG - 2026-09-21 02:08:46 --> Session: Class initialized using 'CodeIgniter\Session\Handlers\FileHandler' driver.
DEBUG - 2026-09-21 02:28:42 --> Session: Class initialized using 'CodeIgniter\Session\Handlers\FileHandler' driver.
DEBUG - 2026-09-21 02:28:51 --> Session: Class initialized using 'CodeIgniter\Session\Handlers\FileHandler' driver.
DEBUG - 2026-09-21 02:29:14 --> Session: Class initialized using 'CodeIgniter\Session\Handlers\FileHandler' driver.
DEBUG - 2026-09-21 02:31:09 --> Session: Class initialized using 'CodeIgniter\Session\Handlers\FileHandler' driver.
DEBUG - 2026-09-21 02:31:13 --> Session: Class initialized using 'CodeIgniter\Session\Handlers\FileHandler' driver.
DEBUG - 2026-09-21 02:31:21 --> Session: Class initialized using 'CodeIgniter\Session\Handlers\FileHandler' driver.
DEBUG - 2026-09-21 02:33:17 --> Session: Class initialized using 'CodeIgniter\Session\Handlers\FileHandler' driver.
DEBUG - 2026-09-21 02:49:53 --> Session: Class initialized using 'CodeIgniter\Session\Handlers\FileHandler' driver.
DEBUG - 2026-09-21 02:50:17 --> Session: Class initialized using 'CodeIgniter\Session\Handlers\FileHandler' driver.
DEBUG - 2026-09-21 02:50:21 --> Session: Class initialized using 'CodeIgniter\Session\Handlers\FileHandler' driver.
DEBUG - 2026-09-21 02:53:07 --> Session: Class initialized using 'CodeIgniter\Session\Handlers\FileHandler' driver.
DEBUG - 2026-09-21 02:53:17 --> Session: Class initialized using 'CodeIgniter\Session\Handlers\FileHandler' driver.
DEBUG - 2026-09-21 02:58:49 --> Session: Class initialized using 'CodeIgniter\Session\Handlers\FileHandler' driver.
DEBUG - 2026-09-21 02:58:51 --> Session: Class initialized using 'CodeIgniter\Session\Handlers\FileHandler' driver.
DEBUG - 2026-09-21 03:00:29 --> Session: Class initialized using 'CodeIgniter\Session\Handlers\FileHandler' driver.
DEBUG - 2026-09-21 03:00:38 --> Session: Class initialized using 'CodeIgniter\Session\Handlers\FileHandler' driver.
DEBUG - 2026-09-21 03:00:43 --> Session: Class initialized using 'CodeIgniter\Session\Handlers\FileHandler' driver.
DEBUG - 2026-09-21 03:00:48 --> Session: Class initialized using 'CodeIgniter\Session\Handlers\FileHandler' driver.
DEBUG - 2026-09-21 03:00:59 --> Session: Class initialized using 'CodeIgniter\Session\Handlers\FileHandler' driver.
DEBUG - 2026-09-21 03:02:05 --> Session: Class initialized using 'CodeIgniter\Session\Handlers\FileHandler' driver.
DEBUG - 2026-09-21 03:03:24 --> Session: Class initialized using 'CodeIgniter\Session\Handlers\FileHandler' driver.
DEBUG - 2026-09-21 03:03:29 --> Session: Class initialized using 'CodeIgniter\Session\Handlers\FileHandler' driver.
DEBUG - 2026-09-21 03:03:36 --> Session: Class initialized using 'CodeIgniter\Session\Handlers\FileHandler' driver.
DEBUG - 2026-09-21 03:03:54 --> Session: Class initialized using 'CodeIgniter\Session\Handlers\FileHandler' driver.
DEBUG - 2026-09-21 03:05:08 --> Session: Class initialized using 'CodeIgniter\Session\Handlers\FileHandler' driver.
DEBUG - 2026-09-21 07:17:27 --> Session: Class initialized using 'CodeIgniter\Session\Handlers\FileHandler' driver.
DEBUG - 2026-09-21 07:17:33 --> Session: Class initialized using 'CodeIgniter\Session\Handlers\FileHandler' driver.
DEBUG - 2026-09-21 07:17:35 --> Session: Class initialized using 'CodeIgniter\Session\Handlers\FileHandler' driver.
DEBUG - 2026-09-21 07:17:38 --> Session: Class initialized using 'CodeIgniter\Session\Handlers\FileHandler' driver.
DEBUG - 2026-09-21 07:17:38 --> Session: Class initialized using 'CodeIgniter\Session\Handlers\FileHandler' driver.
DEBUG - 2026-09-21 07:18:21 --> Session: Class initialized using 'CodeIgniter\Session\Handlers\FileHandler' driver.
DEBUG - 2026-09-21 07:18:21 --> Session: Class initialized using 'CodeIgniter\Session\Handlers\FileHandler' driver.
DEBUG - 2026-09-21 07:21:55 --> Session: Class initialized using 'CodeIgniter\Session\Handlers\FileHandler' driver.
DEBUG - 2026-09-21 07:22:06 --> Session: Class initialized using 'CodeIgniter\Session\Handlers\FileHandler' driver.
DEBUG - 2026-09-21 07:22:07 --> Session: Class initialized using 'CodeIgniter\Session\Handlers\FileHandler' driver.
DEBUG - 2026-09-21 07:22:10 --> Session: Class initialized using 'CodeIgniter\Session\Handlers\FileHandler' driver.
DEBUG - 2026-09-21 07:22:11 --> Session: Class initialized using 'CodeIgniter\Session\Handlers\FileHandler' driver.
DEBUG - 2026-09-21 07:22:38 --> Session: Class initialized using 'CodeIgniter\Session\Handlers\FileHandler' driver.
DEBUG - 2026-09-21 07:22:44 --> Session: Class initialized using 'CodeIgniter\Session\Handlers\FileHandler' driver.
DEBUG - 2026-09-21 07:22:48 --> Session: Class initialized using 'CodeIgniter\Session\Handlers\FileHandler' driver.
DEBUG - 2026-09-21 07:23:48 --> Session: Class initialized using 'CodeIgniter\Session\Handlers\FileHandler' driver.
DEBUG - 2026-09-21 07:23:52 --> Session: Class initialized using 'CodeIgniter\Session\Handlers\FileHandler' driver.
DEBUG - 2026-09-21 07:31:04 --> Session: Class initialized using 'CodeIgniter\Session\Handlers\FileHandler' driver.
DEBUG - 2026-09-21 07:31:06 --> Session: Class initialized using 'CodeIgniter\Session\Handlers\FileHandler' driver.
DEBUG - 2026-09-21 07:31:08 --> Session: Class initialized using 'CodeIgniter\Session\Handlers\FileHandler' driver.
CRITICAL - 2026-09-21 07:31:08 --> ErrorException: Undefined array key "mobile_percent"
[Method: GET, Route: admin/google-seo]
in APPPATH\Views\admin\google_seo\index.php on line 140.
 1 APPPATH\Views\admin\google_seo\index.php(140): CodeIgniter\Debug\Exceptions->errorHandler(2, 'Undefined array key "mobile_percent"', 'C:\\project\\new_perumahan\\app\\Views\\admin\\google_seo\\index.php', 140)
 2 SYSTEMPATH\View\View.php(240): include('C:\\project\\new_perumahan\\app\\Views\\admin\\google_seo\\index.php')
 3 SYSTEMPATH\View\View.php(243): CodeIgniter\View\View->{closure:CodeIgniter\View\View::render():237}()
 4 SYSTEMPATH\Common.php(1268): CodeIgniter\View\View->render('admin/google_seo/index', [], true)
 5 APPPATH\Controllers\Admin\GoogleSeo.php(39): view('admin/google_seo/index', [...])
 6 SYSTEMPATH\CodeIgniter.php(974): App\Controllers\Admin\GoogleSeo->index()
 7 SYSTEMPATH\CodeIgniter.php(520): CodeIgniter\CodeIgniter->runController(Object(App\Controllers\Admin\GoogleSeo))
 8 SYSTEMPATH\CodeIgniter.php(363): CodeIgniter\CodeIgniter->handleRequest(null, Object(Config\Cache), false)
 9 SYSTEMPATH\Boot.php(417): CodeIgniter\CodeIgniter->run()
10 SYSTEMPATH\Boot.php(68): CodeIgniter\Boot::runCodeIgniter(Object(CodeIgniter\CodeIgniter))
11 FCPATH\index.php(59): CodeIgniter\Boot::bootWeb(Object(Config\Paths))
12 SYSTEMPATH\rewrite.php(44): require_once('C:\\project\\new_perumahan\\public\\index.php')
DEBUG - 2026-09-21 07:31:09 --> Session: Class initialized using 'CodeIgniter\Session\Handlers\FileHandler' driver.
DEBUG - 2026-09-21 07:31:12 --> Session: Class initialized using 'CodeIgniter\Session\Handlers\FileHandler' driver.
DEBUG - 2026-09-21 07:31:14 --> Session: Class initialized using 'CodeIgniter\Session\Handlers\FileHandler' driver.
DEBUG - 2026-09-21 07:31:15 --> Session: Class initialized using 'CodeIgniter\Session\Handlers\FileHandler' driver.
DEBUG - 2026-09-21 07:31:17 --> Session: Class initialized using 'CodeIgniter\Session\Handlers\FileHandler' driver.
DEBUG - 2026-09-21 07:31:19 --> Session: Class initialized using 'CodeIgniter\Session\Handlers\FileHandler' driver.
CRITICAL - 2026-09-21 07:31:19 --> CodeIgniter\Exceptions\BadMethodCallException: Call to undefined method App\Models\SettingModel::saveSettings
[Method: POST, Route: admin/google-seo/update]
in SYSTEMPATH\Model.php on line 758.
 1 APPPATH\Controllers\Admin\GoogleSeo.php(63): CodeIgniter\Model->__call('saveSettings', [...])
 2 SYSTEMPATH\CodeIgniter.php(974): App\Controllers\Admin\GoogleSeo->update()
 3 SYSTEMPATH\CodeIgniter.php(520): CodeIgniter\CodeIgniter->runController(Object(App\Controllers\Admin\GoogleSeo))
 4 SYSTEMPATH\CodeIgniter.php(363): CodeIgniter\CodeIgniter->handleRequest(null, Object(Config\Cache), false)
 5 SYSTEMPATH\Boot.php(417): CodeIgniter\CodeIgniter->run()
 6 SYSTEMPATH\Boot.php(68): CodeIgniter\Boot::runCodeIgniter(Object(CodeIgniter\CodeIgniter))
 7 FCPATH\index.php(59): CodeIgniter\Boot::bootWeb(Object(Config\Paths))
 8 SYSTEMPATH\rewrite.php(44): require_once('C:\\project\\new_perumahan\\public\\index.php')
DEBUG - 2026-09-21 07:31:20 --> Session: Class initialized using 'CodeIgniter\Session\Handlers\FileHandler' driver.
CRITICAL - 2026-09-21 07:31:21 --> ErrorException: Undefined array key "mobile_percent"
[Method: GET, Route: admin/google-seo]
in APPPATH\Views\admin\google_seo\index.php on line 140.
 1 APPPATH\Views\admin\google_seo\index.php(140): CodeIgniter\Debug\Exceptions->errorHandler(2, 'Undefined array key "mobile_percent"', 'C:\\project\\new_perumahan\\app\\Views\\admin\\google_seo\\index.php', 140)
 2 SYSTEMPATH\View\View.php(240): include('C:\\project\\new_perumahan\\app\\Views\\admin\\google_seo\\index.php')
 3 SYSTEMPATH\View\View.php(243): CodeIgniter\View\View->{closure:CodeIgniter\View\View::render():237}()
 4 SYSTEMPATH\Common.php(1268): CodeIgniter\View\View->render('admin/google_seo/index', [], true)
 5 APPPATH\Controllers\Admin\GoogleSeo.php(39): view('admin/google_seo/index', [...])
 6 SYSTEMPATH\CodeIgniter.php(974): App\Controllers\Admin\GoogleSeo->index()
 7 SYSTEMPATH\CodeIgniter.php(520): CodeIgniter\CodeIgniter->runController(Object(App\Controllers\Admin\GoogleSeo))
 8 SYSTEMPATH\CodeIgniter.php(363): CodeIgniter\CodeIgniter->handleRequest(null, Object(Config\Cache), false)
 9 SYSTEMPATH\Boot.php(417): CodeIgniter\CodeIgniter->run()
10 SYSTEMPATH\Boot.php(68): CodeIgniter\Boot::runCodeIgniter(Object(CodeIgniter\CodeIgniter))
11 FCPATH\index.php(59): CodeIgniter\Boot::bootWeb(Object(Config\Paths))
12 SYSTEMPATH\rewrite.php(44): require_once('C:\\project\\new_perumahan\\public\\index.php')
DEBUG - 2026-09-21 07:31:38 --> Session: Class initialized using 'CodeIgniter\Session\Handlers\FileHandler' driver.
DEBUG - 2026-09-21 07:31:43 --> Session: Class initialized using 'CodeIgniter\Session\Handlers\FileHandler' driver.
DEBUG - 2026-09-21 07:31:45 --> Session: Class initialized using 'CodeIgniter\Session\Handlers\FileHandler' driver.
CRITICAL - 2026-09-21 07:31:46 --> ErrorException: Undefined array key "page_title"
[Method: GET, Route: admin/google-seo]
in APPPATH\Views\admin\google_seo\index.php on line 186.
 1 APPPATH\Views\admin\google_seo\index.php(186): CodeIgniter\Debug\Exceptions->errorHandler(2, 'Undefined array key "page_title"', 'C:\\project\\new_perumahan\\app\\Views\\admin\\google_seo\\index.php', 186)
 2 SYSTEMPATH\View\View.php(240): include('C:\\project\\new_perumahan\\app\\Views\\admin\\google_seo\\index.php')
 3 SYSTEMPATH\View\View.php(243): CodeIgniter\View\View->{closure:CodeIgniter\View\View::render():237}()
 4 SYSTEMPATH\Common.php(1268): CodeIgniter\View\View->render('admin/google_seo/index', [], true)
 5 APPPATH\Controllers\Admin\GoogleSeo.php(39): view('admin/google_seo/index', [...])
 6 SYSTEMPATH\CodeIgniter.php(974): App\Controllers\Admin\GoogleSeo->index()
 7 SYSTEMPATH\CodeIgniter.php(520): CodeIgniter\CodeIgniter->runController(Object(App\Controllers\Admin\GoogleSeo))
 8 SYSTEMPATH\CodeIgniter.php(363): CodeIgniter\CodeIgniter->handleRequest(null, Object(Config\Cache), false)
 9 SYSTEMPATH\Boot.php(417): CodeIgniter\CodeIgniter->run()
10 SYSTEMPATH\Boot.php(68): CodeIgniter\Boot::runCodeIgniter(Object(CodeIgniter\CodeIgniter))
11 FCPATH\index.php(59): CodeIgniter\Boot::bootWeb(Object(Config\Paths))
12 SYSTEMPATH\rewrite.php(44): require_once('C:\\project\\new_perumahan\\public\\index.php')
DEBUG - 2026-09-21 07:31:47 --> Session: Class initialized using 'CodeIgniter\Session\Handlers\FileHandler' driver.
DEBUG - 2026-09-21 07:31:51 --> Session: Class initialized using 'CodeIgniter\Session\Handlers\FileHandler' driver.
DEBUG - 2026-09-21 07:31:53 --> Session: Class initialized using 'CodeIgniter\Session\Handlers\FileHandler' driver.
DEBUG - 2026-09-21 07:31:55 --> Session: Class initialized using 'CodeIgniter\Session\Handlers\FileHandler' driver.
DEBUG - 2026-09-21 07:31:57 --> Session: Class initialized using 'CodeIgniter\Session\Handlers\FileHandler' driver.
DEBUG - 2026-09-21 07:31:59 --> Session: Class initialized using 'CodeIgniter\Session\Handlers\FileHandler' driver.
CRITICAL - 2026-09-21 07:31:59 --> CodeIgniter\Exceptions\BadMethodCallException: Call to undefined method App\Models\SettingModel::saveSettings
[Method: POST, Route: admin/google-seo/update]
in SYSTEMPATH\Model.php on line 758.
 1 APPPATH\Controllers\Admin\GoogleSeo.php(63): CodeIgniter\Model->__call('saveSettings', [...])
 2 SYSTEMPATH\CodeIgniter.php(974): App\Controllers\Admin\GoogleSeo->update()
 3 SYSTEMPATH\CodeIgniter.php(520): CodeIgniter\CodeIgniter->runController(Object(App\Controllers\Admin\GoogleSeo))
 4 SYSTEMPATH\CodeIgniter.php(363): CodeIgniter\CodeIgniter->handleRequest(null, Object(Config\Cache), false)
 5 SYSTEMPATH\Boot.php(417): CodeIgniter\CodeIgniter->run()
 6 SYSTEMPATH\Boot.php(68): CodeIgniter\Boot::runCodeIgniter(Object(CodeIgniter\CodeIgniter))
 7 FCPATH\index.php(59): CodeIgniter\Boot::bootWeb(Object(Config\Paths))
 8 SYSTEMPATH\rewrite.php(44): require_once('C:\\project\\new_perumahan\\public\\index.php')
DEBUG - 2026-09-21 07:32:00 --> Session: Class initialized using 'CodeIgniter\Session\Handlers\FileHandler' driver.
CRITICAL - 2026-09-21 07:32:01 --> ErrorException: Undefined array key "page_title"
[Method: GET, Route: admin/google-seo]
in APPPATH\Views\admin\google_seo\index.php on line 186.
 1 APPPATH\Views\admin\google_seo\index.php(186): CodeIgniter\Debug\Exceptions->errorHandler(2, 'Undefined array key "page_title"', 'C:\\project\\new_perumahan\\app\\Views\\admin\\google_seo\\index.php', 186)
 2 SYSTEMPATH\View\View.php(240): include('C:\\project\\new_perumahan\\app\\Views\\admin\\google_seo\\index.php')
 3 SYSTEMPATH\View\View.php(243): CodeIgniter\View\View->{closure:CodeIgniter\View\View::render():237}()
 4 SYSTEMPATH\Common.php(1268): CodeIgniter\View\View->render('admin/google_seo/index', [], true)
 5 APPPATH\Controllers\Admin\GoogleSeo.php(39): view('admin/google_seo/index', [...])
 6 SYSTEMPATH\CodeIgniter.php(974): App\Controllers\Admin\GoogleSeo->index()
 7 SYSTEMPATH\CodeIgniter.php(520): CodeIgniter\CodeIgniter->runController(Object(App\Controllers\Admin\GoogleSeo))
 8 SYSTEMPATH\CodeIgniter.php(363): CodeIgniter\CodeIgniter->handleRequest(null, Object(Config\Cache), false)
 9 SYSTEMPATH\Boot.php(417): CodeIgniter\CodeIgniter->run()
10 SYSTEMPATH\Boot.php(68): CodeIgniter\Boot::runCodeIgniter(Object(CodeIgniter\CodeIgniter))
11 FCPATH\index.php(59): CodeIgniter\Boot::bootWeb(Object(Config\Paths))
12 SYSTEMPATH\rewrite.php(44): require_once('C:\\project\\new_perumahan\\public\\index.php')
DEBUG - 2026-09-21 07:32:39 --> Session: Class initialized using 'CodeIgniter\Session\Handlers\FileHandler' driver.
DEBUG - 2026-09-21 07:32:41 --> Session: Class initialized using 'CodeIgniter\Session\Handlers\FileHandler' driver.
DEBUG - 2026-09-21 07:32:44 --> Session: Class initialized using 'CodeIgniter\Session\Handlers\FileHandler' driver.
DEBUG - 2026-09-21 07:32:48 --> Session: Class initialized using 'CodeIgniter\Session\Handlers\FileHandler' driver.
DEBUG - 2026-09-21 07:32:51 --> Session: Class initialized using 'CodeIgniter\Session\Handlers\FileHandler' driver.
DEBUG - 2026-09-21 07:32:53 --> Session: Class initialized using 'CodeIgniter\Session\Handlers\FileHandler' driver.
DEBUG - 2026-09-21 07:32:55 --> Session: Class initialized using 'CodeIgniter\Session\Handlers\FileHandler' driver.
DEBUG - 2026-09-21 07:32:58 --> Session: Class initialized using 'CodeIgniter\Session\Handlers\FileHandler' driver.
DEBUG - 2026-09-21 07:32:59 --> Session: Class initialized using 'CodeIgniter\Session\Handlers\FileHandler' driver.
DEBUG - 2026-09-21 07:33:01 --> Session: Class initialized using 'CodeIgniter\Session\Handlers\FileHandler' driver.
DEBUG - 2026-09-21 07:44:18 --> Session: Class initialized using 'CodeIgniter\Session\Handlers\FileHandler' driver.
DEBUG - 2026-09-21 07:44:28 --> Session: Class initialized using 'CodeIgniter\Session\Handlers\FileHandler' driver.
DEBUG - 2026-09-21 07:44:38 --> Session: Class initialized using 'CodeIgniter\Session\Handlers\FileHandler' driver.
DEBUG - 2026-09-21 07:44:44 --> Session: Class initialized using 'CodeIgniter\Session\Handlers\FileHandler' driver.
DEBUG - 2026-09-21 07:49:45 --> Session: Class initialized using 'CodeIgniter\Session\Handlers\FileHandler' driver.
DEBUG - 2026-09-21 07:49:51 --> Session: Class initialized using 'CodeIgniter\Session\Handlers\FileHandler' driver.
DEBUG - 2026-09-21 07:49:57 --> Session: Class initialized using 'CodeIgniter\Session\Handlers\FileHandler' driver.
DEBUG - 2026-09-21 07:50:20 --> Session: Class initialized using 'CodeIgniter\Session\Handlers\FileHandler' driver.
DEBUG - 2026-09-21 07:50:37 --> Session: Class initialized using 'CodeIgniter\Session\Handlers\FileHandler' driver.
DEBUG - 2026-09-21 07:50:42 --> Session: Class initialized using 'CodeIgniter\Session\Handlers\FileHandler' driver.
DEBUG - 2026-09-21 08:14:43 --> Session: Class initialized using 'CodeIgniter\Session\Handlers\FileHandler' driver.
DEBUG - 2026-09-21 08:15:35 --> Session: Class initialized using 'CodeIgniter\Session\Handlers\FileHandler' driver.
DEBUG - 2026-09-21 08:15:40 --> Session: Class initialized using 'CodeIgniter\Session\Handlers\FileHandler' driver.
DEBUG - 2026-09-21 08:15:51 --> Session: Class initialized using 'CodeIgniter\Session\Handlers\FileHandler' driver.
DEBUG - 2026-09-21 08:15:52 --> Session: Class initialized using 'CodeIgniter\Session\Handlers\FileHandler' driver.
DEBUG - 2026-09-21 08:15:59 --> Session: Class initialized using 'CodeIgniter\Session\Handlers\FileHandler' driver.
DEBUG - 2026-09-21 08:16:23 --> Session: Class initialized using 'CodeIgniter\Session\Handlers\FileHandler' driver.
DEBUG - 2026-09-21 08:16:24 --> Session: Class initialized using 'CodeIgniter\Session\Handlers\FileHandler' driver.
DEBUG - 2026-09-21 08:16:28 --> Session: Class initialized using 'CodeIgniter\Session\Handlers\FileHandler' driver.
DEBUG - 2026-09-21 08:16:38 --> Session: Class initialized using 'CodeIgniter\Session\Handlers\FileHandler' driver.
DEBUG - 2026-09-21 08:16:38 --> Session: Class initialized using 'CodeIgniter\Session\Handlers\FileHandler' driver.
DEBUG - 2026-09-21 08:16:44 --> Session: Class initialized using 'CodeIgniter\Session\Handlers\FileHandler' driver.
DEBUG - 2026-09-21 08:16:56 --> Session: Class initialized using 'CodeIgniter\Session\Handlers\FileHandler' driver.
DEBUG - 2026-09-21 08:20:05 --> Session: Class initialized using 'CodeIgniter\Session\Handlers\FileHandler' driver.
DEBUG - 2026-09-21 08:25:19 --> Session: Class initialized using 'CodeIgniter\Session\Handlers\FileHandler' driver.
DEBUG - 2026-09-21 08:25:39 --> Session: Class initialized using 'CodeIgniter\Session\Handlers\FileHandler' driver.
DEBUG - 2026-09-21 08:25:50 --> Session: Class initialized using 'CodeIgniter\Session\Handlers\FileHandler' driver.
DEBUG - 2026-09-21 08:25:51 --> Session: Class initialized using 'CodeIgniter\Session\Handlers\FileHandler' driver.
DEBUG - 2026-09-21 08:25:54 --> Session: Class initialized using 'CodeIgniter\Session\Handlers\FileHandler' driver.
DEBUG - 2026-09-21 08:28:19 --> Session: Class initialized using 'CodeIgniter\Session\Handlers\FileHandler' driver.
DEBUG - 2026-09-21 08:31:55 --> Session: Class initialized using 'CodeIgniter\Session\Handlers\FileHandler' driver.
DEBUG - 2026-09-21 08:32:12 --> Session: Class initialized using 'CodeIgniter\Session\Handlers\FileHandler' driver.
DEBUG - 2026-09-21 08:34:00 --> Session: Class initialized using 'CodeIgniter\Session\Handlers\FileHandler' driver.
DEBUG - 2026-09-21 08:34:33 --> Session: Class initialized using 'CodeIgniter\Session\Handlers\FileHandler' driver.
DEBUG - 2026-09-21 08:35:03 --> Session: Class initialized using 'CodeIgniter\Session\Handlers\FileHandler' driver.
DEBUG - 2026-09-21 08:35:14 --> Session: Class initialized using 'CodeIgniter\Session\Handlers\FileHandler' driver.
DEBUG - 2026-09-21 08:35:30 --> Session: Class initialized using 'CodeIgniter\Session\Handlers\FileHandler' driver.
DEBUG - 2026-09-21 08:41:39 --> Session: Class initialized using 'CodeIgniter\Session\Handlers\FileHandler' driver.
DEBUG - 2026-09-21 08:47:03 --> Session: Class initialized using 'CodeIgniter\Session\Handlers\FileHandler' driver.
DEBUG - 2026-09-21 08:47:11 --> Session: Class initialized using 'CodeIgniter\Session\Handlers\FileHandler' driver.
CRITICAL - 2026-09-21 08:48:22 --> CodeIgniter\Exceptions\CriticalError: The required PHP extension "sqlite3" is not loaded. Install and enable it to use "SQLite3" driver.
[Method: GET, Route: /]
in SYSTEMPATH\Database\Database.php on line 186.
 1 SYSTEMPATH\Database\Database.php(59): CodeIgniter\Database\Database->checkDbExtension('SQLite3')
 2 SYSTEMPATH\Database\Config.php(82): CodeIgniter\Database\Database->load([...], 'tests')
 3 SYSTEMPATH\Model.php(152): CodeIgniter\Database\Config::connect('tests')
 4 C:\Users\Lenovo\.gemini\antigravity\brain\635c075d-f1f2-4d0f-9960-f13fd9fdef47\scratch\test_styling.php(5): CodeIgniter\Model->__construct()
DEBUG - 2026-09-21 08:52:59 --> Session: Class initialized using 'CodeIgniter\Session\Handlers\FileHandler' driver.
DEBUG - 2026-09-21 08:53:06 --> Session: Class initialized using 'CodeIgniter\Session\Handlers\FileHandler' driver.
DEBUG - 2026-09-21 08:53:12 --> Session: Class initialized using 'CodeIgniter\Session\Handlers\FileHandler' driver.
DEBUG - 2026-09-21 08:53:16 --> Session: Class initialized using 'CodeIgniter\Session\Handlers\FileHandler' driver.
DEBUG - 2026-09-21 08:55:01 --> Session: Class initialized using 'CodeIgniter\Session\Handlers\FileHandler' driver.
DEBUG - 2026-09-21 08:55:13 --> Session: Class initialized using 'CodeIgniter\Session\Handlers\FileHandler' driver.
DEBUG - 2026-09-21 08:55:51 --> Session: Class initialized using 'CodeIgniter\Session\Handlers\FileHandler' driver.
DEBUG - 2026-09-21 08:55:52 --> Session: Class initialized using 'CodeIgniter\Session\Handlers\FileHandler' driver.
DEBUG - 2026-09-21 08:55:58 --> Session: Class initialized using 'CodeIgniter\Session\Handlers\FileHandler' driver.
DEBUG - 2026-09-21 08:56:13 --> Session: Class initialized using 'CodeIgniter\Session\Handlers\FileHandler' driver.
DEBUG - 2026-09-21 08:57:36 --> Session: Class initialized using 'CodeIgniter\Session\Handlers\FileHandler' driver.
DEBUG - 2026-09-21 08:59:10 --> Session: Class initialized using 'CodeIgniter\Session\Handlers\FileHandler' driver.
DEBUG - 2026-09-21 08:59:28 --> Session: Class initialized using 'CodeIgniter\Session\Handlers\FileHandler' driver.
DEBUG - 2026-09-21 09:01:40 --> Session: Class initialized using 'CodeIgniter\Session\Handlers\FileHandler' driver.
DEBUG - 2026-09-21 09:04:09 --> Session: Class initialized using 'CodeIgniter\Session\Handlers\FileHandler' driver.
DEBUG - 2026-09-21 09:04:18 --> Session: Class initialized using 'CodeIgniter\Session\Handlers\FileHandler' driver.
DEBUG - 2026-09-21 09:04:21 --> Session: Class initialized using 'CodeIgniter\Session\Handlers\FileHandler' driver.
DEBUG - 2026-09-21 09:04:51 --> Session: Class initialized using 'CodeIgniter\Session\Handlers\FileHandler' driver.
DEBUG - 2026-09-21 09:04:52 --> Session: Class initialized using 'CodeIgniter\Session\Handlers\FileHandler' driver.
DEBUG - 2026-09-21 09:15:48 --> Session: Class initialized using 'CodeIgniter\Session\Handlers\FileHandler' driver.
DEBUG - 2026-09-21 09:15:59 --> Session: Class initialized using 'CodeIgniter\Session\Handlers\FileHandler' driver.
DEBUG - 2026-09-21 09:16:19 --> Session: Class initialized using 'CodeIgniter\Session\Handlers\FileHandler' driver.
DEBUG - 2026-09-21 09:16:51 --> Session: Class initialized using 'CodeIgniter\Session\Handlers\FileHandler' driver.
DEBUG - 2026-09-21 09:39:40 --> Session: Class initialized using 'CodeIgniter\Session\Handlers\FileHandler' driver.
DEBUG - 2026-09-21 09:39:49 --> Session: Class initialized using 'CodeIgniter\Session\Handlers\FileHandler' driver.
DEBUG - 2026-09-21 09:40:01 --> Session: Class initialized using 'CodeIgniter\Session\Handlers\FileHandler' driver.
DEBUG - 2026-09-21 09:40:08 --> Session: Class initialized using 'CodeIgniter\Session\Handlers\FileHandler' driver.
DEBUG - 2026-09-21 09:40:09 --> Session: Class initialized using 'CodeIgniter\Session\Handlers\FileHandler' driver.
WARNING - 2026-09-21 09:47:11 --> [DEPRECATED] Passing lowercase HTTP method "get" is deprecated. Use uppercase HTTP method like "GET". in SYSTEMPATH\Router\RouteCollection.php on line 1026.
 1 SYSTEMPATH\Router\RouteCollection.php(1026): trigger_error('Passing lowercase HTTP method "get" is deprecated. Use uppercase HTTP method like "GET".', 16384)
 2 APPPATH\Config\Routes.php(83): CodeIgniter\Router\RouteCollection->match([...], 'connector', 'Admin\\Media::connector')
 3 SYSTEMPATH\Router\RouteCollection.php(799): CodeIgniter\Router\RouteCollection->{closure:{closure:C:\project\new_perumahan\app\Config\Routes.php:45}:79}(Object(CodeIgniter\Router\RouteCollection))
 4 APPPATH\Config\Routes.php(79): CodeIgniter\Router\RouteCollection->group('media', Object(Closure))
 5 SYSTEMPATH\Router\RouteCollection.php(799): CodeIgniter\Router\RouteCollection->{closure:C:\project\new_perumahan\app\Config\Routes.php:45}(Object(CodeIgniter\Router\RouteCollection))
 6 APPPATH\Config\Routes.php(45): CodeIgniter\Router\RouteCollection->group('admin', [...], Object(Closure))
 7 SYSTEMPATH\Router\RouteCollection.php(339): require('C:\\project\\new_perumahan\\app\\Config\\Routes.php')
 8 SYSTEMPATH\CodeIgniter.php(841): CodeIgniter\Router\RouteCollection->loadRoutes()
 9 SYSTEMPATH\CodeIgniter.php(464): CodeIgniter\CodeIgniter->tryToRouteIt(null)
10 SYSTEMPATH\CodeIgniter.php(363): CodeIgniter\CodeIgniter->handleRequest(null, Object(Config\Cache), false)
11 SYSTEMPATH\Boot.php(417): CodeIgniter\CodeIgniter->run()
12 SYSTEMPATH\Boot.php(68): CodeIgniter\Boot::runCodeIgniter(Object(CodeIgniter\CodeIgniter))
13 FCPATH\index.php(59): CodeIgniter\Boot::bootWeb(Object(Config\Paths))
14 SYSTEMPATH\rewrite.php(44): require_once('C:\\project\\new_perumahan\\public\\index.php')
WARNING - 2026-09-21 09:47:11 --> [DEPRECATED] Passing lowercase HTTP method "post" is deprecated. Use uppercase HTTP method like "POST". in SYSTEMPATH\Router\RouteCollection.php on line 1026.
 1 SYSTEMPATH\Router\RouteCollection.php(1026): trigger_error('Passing lowercase HTTP method "post" is deprecated. Use uppercase HTTP method like "POST".', 16384)
 2 APPPATH\Config\Routes.php(83): CodeIgniter\Router\RouteCollection->match([...], 'connector', 'Admin\\Media::connector')
 3 SYSTEMPATH\Router\RouteCollection.php(799): CodeIgniter\Router\RouteCollection->{closure:{closure:C:\project\new_perumahan\app\Config\Routes.php:45}:79}(Object(CodeIgniter\Router\RouteCollection))
 4 APPPATH\Config\Routes.php(79): CodeIgniter\Router\RouteCollection->group('media', Object(Closure))
 5 SYSTEMPATH\Router\RouteCollection.php(799): CodeIgniter\Router\RouteCollection->{closure:C:\project\new_perumahan\app\Config\Routes.php:45}(Object(CodeIgniter\Router\RouteCollection))
 6 APPPATH\Config\Routes.php(45): CodeIgniter\Router\RouteCollection->group('admin', [...], Object(Closure))
 7 SYSTEMPATH\Router\RouteCollection.php(339): require('C:\\project\\new_perumahan\\app\\Config\\Routes.php')
 8 SYSTEMPATH\CodeIgniter.php(841): CodeIgniter\Router\RouteCollection->loadRoutes()
 9 SYSTEMPATH\CodeIgniter.php(464): CodeIgniter\CodeIgniter->tryToRouteIt(null)
10 SYSTEMPATH\CodeIgniter.php(363): CodeIgniter\CodeIgniter->handleRequest(null, Object(Config\Cache), false)
11 SYSTEMPATH\Boot.php(417): CodeIgniter\CodeIgniter->run()
12 SYSTEMPATH\Boot.php(68): CodeIgniter\Boot::runCodeIgniter(Object(CodeIgniter\CodeIgniter))
13 FCPATH\index.php(59): CodeIgniter\Boot::bootWeb(Object(Config\Paths))
14 SYSTEMPATH\rewrite.php(44): require_once('C:\\project\\new_perumahan\\public\\index.php')
DEBUG - 2026-09-21 09:47:11 --> Session: Class initialized using 'CodeIgniter\Session\Handlers\FileHandler' driver.
WARNING - 2026-09-21 09:49:11 --> [DEPRECATED] Passing lowercase HTTP method "get" is deprecated. Use uppercase HTTP method like "GET". in SYSTEMPATH\Router\RouteCollection.php on line 1026.
 1 SYSTEMPATH\Router\RouteCollection.php(1026): trigger_error('Passing lowercase HTTP method "get" is deprecated. Use uppercase HTTP method like "GET".', 16384)
 2 APPPATH\Config\Routes.php(83): CodeIgniter\Router\RouteCollection->match([...], 'connector', 'Admin\\Media::connector')
 3 SYSTEMPATH\Router\RouteCollection.php(799): CodeIgniter\Router\RouteCollection->{closure:{closure:C:\project\new_perumahan\app\Config\Routes.php:45}:79}(Object(CodeIgniter\Router\RouteCollection))
 4 APPPATH\Config\Routes.php(79): CodeIgniter\Router\RouteCollection->group('media', Object(Closure))
 5 SYSTEMPATH\Router\RouteCollection.php(799): CodeIgniter\Router\RouteCollection->{closure:C:\project\new_perumahan\app\Config\Routes.php:45}(Object(CodeIgniter\Router\RouteCollection))
 6 APPPATH\Config\Routes.php(45): CodeIgniter\Router\RouteCollection->group('admin', [...], Object(Closure))
 7 SYSTEMPATH\Router\RouteCollection.php(339): require('C:\\project\\new_perumahan\\app\\Config\\Routes.php')
 8 SYSTEMPATH\CodeIgniter.php(841): CodeIgniter\Router\RouteCollection->loadRoutes()
 9 SYSTEMPATH\CodeIgniter.php(464): CodeIgniter\CodeIgniter->tryToRouteIt(null)
10 SYSTEMPATH\CodeIgniter.php(363): CodeIgniter\CodeIgniter->handleRequest(null, Object(Config\Cache), false)
11 SYSTEMPATH\Boot.php(417): CodeIgniter\CodeIgniter->run()
12 SYSTEMPATH\Boot.php(68): CodeIgniter\Boot::runCodeIgniter(Object(CodeIgniter\CodeIgniter))
13 FCPATH\index.php(59): CodeIgniter\Boot::bootWeb(Object(Config\Paths))
14 SYSTEMPATH\rewrite.php(44): require_once('C:\\project\\new_perumahan\\public\\index.php')
WARNING - 2026-09-21 09:49:11 --> [DEPRECATED] Passing lowercase HTTP method "post" is deprecated. Use uppercase HTTP method like "POST". in SYSTEMPATH\Router\RouteCollection.php on line 1026.
 1 SYSTEMPATH\Router\RouteCollection.php(1026): trigger_error('Passing lowercase HTTP method "post" is deprecated. Use uppercase HTTP method like "POST".', 16384)
 2 APPPATH\Config\Routes.php(83): CodeIgniter\Router\RouteCollection->match([...], 'connector', 'Admin\\Media::connector')
 3 SYSTEMPATH\Router\RouteCollection.php(799): CodeIgniter\Router\RouteCollection->{closure:{closure:C:\project\new_perumahan\app\Config\Routes.php:45}:79}(Object(CodeIgniter\Router\RouteCollection))
 4 APPPATH\Config\Routes.php(79): CodeIgniter\Router\RouteCollection->group('media', Object(Closure))
 5 SYSTEMPATH\Router\RouteCollection.php(799): CodeIgniter\Router\RouteCollection->{closure:C:\project\new_perumahan\app\Config\Routes.php:45}(Object(CodeIgniter\Router\RouteCollection))
 6 APPPATH\Config\Routes.php(45): CodeIgniter\Router\RouteCollection->group('admin', [...], Object(Closure))
 7 SYSTEMPATH\Router\RouteCollection.php(339): require('C:\\project\\new_perumahan\\app\\Config\\Routes.php')
 8 SYSTEMPATH\CodeIgniter.php(841): CodeIgniter\Router\RouteCollection->loadRoutes()
 9 SYSTEMPATH\CodeIgniter.php(464): CodeIgniter\CodeIgniter->tryToRouteIt(null)
10 SYSTEMPATH\CodeIgniter.php(363): CodeIgniter\CodeIgniter->handleRequest(null, Object(Config\Cache), false)
11 SYSTEMPATH\Boot.php(417): CodeIgniter\CodeIgniter->run()
12 SYSTEMPATH\Boot.php(68): CodeIgniter\Boot::runCodeIgniter(Object(CodeIgniter\CodeIgniter))
13 FCPATH\index.php(59): CodeIgniter\Boot::bootWeb(Object(Config\Paths))
14 SYSTEMPATH\rewrite.php(44): require_once('C:\\project\\new_perumahan\\public\\index.php')
DEBUG - 2026-09-21 09:49:11 --> Session: Class initialized using 'CodeIgniter\Session\Handlers\FileHandler' driver.
CRITICAL - 2026-09-21 09:49:11 --> CodeIgniter\Exceptions\BadMethodCallException: Call to undefined method App\Models\SettingModel::getSettings
[Method: GET, Route: admin/media]
in SYSTEMPATH\Model.php on line 758.
 1 APPPATH\Controllers\Admin\Media.php(21): CodeIgniter\Model->__call('getSettings', [])
 2 SYSTEMPATH\CodeIgniter.php(974): App\Controllers\Admin\Media->manager()
 3 SYSTEMPATH\CodeIgniter.php(520): CodeIgniter\CodeIgniter->runController(Object(App\Controllers\Admin\Media))
 4 SYSTEMPATH\CodeIgniter.php(363): CodeIgniter\CodeIgniter->handleRequest(null, Object(Config\Cache), false)
 5 SYSTEMPATH\Boot.php(417): CodeIgniter\CodeIgniter->run()
 6 SYSTEMPATH\Boot.php(68): CodeIgniter\Boot::runCodeIgniter(Object(CodeIgniter\CodeIgniter))
 7 FCPATH\index.php(59): CodeIgniter\Boot::bootWeb(Object(Config\Paths))
 8 SYSTEMPATH\rewrite.php(44): require_once('C:\\project\\new_perumahan\\public\\index.php')
WARNING - 2026-09-21 09:50:24 --> [DEPRECATED] Passing lowercase HTTP method "get" is deprecated. Use uppercase HTTP method like "GET". in SYSTEMPATH\Router\RouteCollection.php on line 1026.
 1 SYSTEMPATH\Router\RouteCollection.php(1026): trigger_error('Passing lowercase HTTP method "get" is deprecated. Use uppercase HTTP method like "GET".', 16384)
 2 APPPATH\Config\Routes.php(83): CodeIgniter\Router\RouteCollection->match([...], 'connector', 'Admin\\Media::connector')
 3 SYSTEMPATH\Router\RouteCollection.php(799): CodeIgniter\Router\RouteCollection->{closure:{closure:C:\project\new_perumahan\app\Config\Routes.php:45}:79}(Object(CodeIgniter\Router\RouteCollection))
 4 APPPATH\Config\Routes.php(79): CodeIgniter\Router\RouteCollection->group('media', Object(Closure))
 5 SYSTEMPATH\Router\RouteCollection.php(799): CodeIgniter\Router\RouteCollection->{closure:C:\project\new_perumahan\app\Config\Routes.php:45}(Object(CodeIgniter\Router\RouteCollection))
 6 APPPATH\Config\Routes.php(45): CodeIgniter\Router\RouteCollection->group('admin', [...], Object(Closure))
 7 SYSTEMPATH\Router\RouteCollection.php(339): require('C:\\project\\new_perumahan\\app\\Config\\Routes.php')
 8 SYSTEMPATH\CodeIgniter.php(841): CodeIgniter\Router\RouteCollection->loadRoutes()
 9 SYSTEMPATH\CodeIgniter.php(464): CodeIgniter\CodeIgniter->tryToRouteIt(null)
10 SYSTEMPATH\CodeIgniter.php(363): CodeIgniter\CodeIgniter->handleRequest(null, Object(Config\Cache), false)
11 SYSTEMPATH\Boot.php(417): CodeIgniter\CodeIgniter->run()
12 SYSTEMPATH\Boot.php(68): CodeIgniter\Boot::runCodeIgniter(Object(CodeIgniter\CodeIgniter))
13 FCPATH\index.php(59): CodeIgniter\Boot::bootWeb(Object(Config\Paths))
14 SYSTEMPATH\rewrite.php(44): require_once('C:\\project\\new_perumahan\\public\\index.php')
WARNING - 2026-09-21 09:50:24 --> [DEPRECATED] Passing lowercase HTTP method "post" is deprecated. Use uppercase HTTP method like "POST". in SYSTEMPATH\Router\RouteCollection.php on line 1026.
 1 SYSTEMPATH\Router\RouteCollection.php(1026): trigger_error('Passing lowercase HTTP method "post" is deprecated. Use uppercase HTTP method like "POST".', 16384)
 2 APPPATH\Config\Routes.php(83): CodeIgniter\Router\RouteCollection->match([...], 'connector', 'Admin\\Media::connector')
 3 SYSTEMPATH\Router\RouteCollection.php(799): CodeIgniter\Router\RouteCollection->{closure:{closure:C:\project\new_perumahan\app\Config\Routes.php:45}:79}(Object(CodeIgniter\Router\RouteCollection))
 4 APPPATH\Config\Routes.php(79): CodeIgniter\Router\RouteCollection->group('media', Object(Closure))
 5 SYSTEMPATH\Router\RouteCollection.php(799): CodeIgniter\Router\RouteCollection->{closure:C:\project\new_perumahan\app\Config\Routes.php:45}(Object(CodeIgniter\Router\RouteCollection))
 6 APPPATH\Config\Routes.php(45): CodeIgniter\Router\RouteCollection->group('admin', [...], Object(Closure))
 7 SYSTEMPATH\Router\RouteCollection.php(339): require('C:\\project\\new_perumahan\\app\\Config\\Routes.php')
 8 SYSTEMPATH\CodeIgniter.php(841): CodeIgniter\Router\RouteCollection->loadRoutes()
 9 SYSTEMPATH\CodeIgniter.php(464): CodeIgniter\CodeIgniter->tryToRouteIt(null)
10 SYSTEMPATH\CodeIgniter.php(363): CodeIgniter\CodeIgniter->handleRequest(null, Object(Config\Cache), false)
11 SYSTEMPATH\Boot.php(417): CodeIgniter\CodeIgniter->run()
12 SYSTEMPATH\Boot.php(68): CodeIgniter\Boot::runCodeIgniter(Object(CodeIgniter\CodeIgniter))
13 FCPATH\index.php(59): CodeIgniter\Boot::bootWeb(Object(Config\Paths))
14 SYSTEMPATH\rewrite.php(44): require_once('C:\\project\\new_perumahan\\public\\index.php')
DEBUG - 2026-09-21 09:50:24 --> Session: Class initialized using 'CodeIgniter\Session\Handlers\FileHandler' driver.
WARNING - 2026-09-21 09:50:30 --> [DEPRECATED] Passing lowercase HTTP method "get" is deprecated. Use uppercase HTTP method like "GET". in SYSTEMPATH\Router\RouteCollection.php on line 1026.
 1 SYSTEMPATH\Router\RouteCollection.php(1026): trigger_error('Passing lowercase HTTP method "get" is deprecated. Use uppercase HTTP method like "GET".', 16384)
 2 APPPATH\Config\Routes.php(83): CodeIgniter\Router\RouteCollection->match([...], 'connector', 'Admin\\Media::connector')
 3 SYSTEMPATH\Router\RouteCollection.php(799): CodeIgniter\Router\RouteCollection->{closure:{closure:C:\project\new_perumahan\app\Config\Routes.php:45}:79}(Object(CodeIgniter\Router\RouteCollection))
 4 APPPATH\Config\Routes.php(79): CodeIgniter\Router\RouteCollection->group('media', Object(Closure))
 5 SYSTEMPATH\Router\RouteCollection.php(799): CodeIgniter\Router\RouteCollection->{closure:C:\project\new_perumahan\app\Config\Routes.php:45}(Object(CodeIgniter\Router\RouteCollection))
 6 APPPATH\Config\Routes.php(45): CodeIgniter\Router\RouteCollection->group('admin', [...], Object(Closure))
 7 SYSTEMPATH\Router\RouteCollection.php(339): require('C:\\project\\new_perumahan\\app\\Config\\Routes.php')
 8 SYSTEMPATH\CodeIgniter.php(841): CodeIgniter\Router\RouteCollection->loadRoutes()
 9 SYSTEMPATH\CodeIgniter.php(464): CodeIgniter\CodeIgniter->tryToRouteIt(null)
10 SYSTEMPATH\CodeIgniter.php(363): CodeIgniter\CodeIgniter->handleRequest(null, Object(Config\Cache), false)
11 SYSTEMPATH\Boot.php(417): CodeIgniter\CodeIgniter->run()
12 SYSTEMPATH\Boot.php(68): CodeIgniter\Boot::runCodeIgniter(Object(CodeIgniter\CodeIgniter))
13 FCPATH\index.php(59): CodeIgniter\Boot::bootWeb(Object(Config\Paths))
14 SYSTEMPATH\rewrite.php(44): require_once('C:\\project\\new_perumahan\\public\\index.php')
WARNING - 2026-09-21 09:50:30 --> [DEPRECATED] Passing lowercase HTTP method "post" is deprecated. Use uppercase HTTP method like "POST". in SYSTEMPATH\Router\RouteCollection.php on line 1026.
 1 SYSTEMPATH\Router\RouteCollection.php(1026): trigger_error('Passing lowercase HTTP method "post" is deprecated. Use uppercase HTTP method like "POST".', 16384)
 2 APPPATH\Config\Routes.php(83): CodeIgniter\Router\RouteCollection->match([...], 'connector', 'Admin\\Media::connector')
 3 SYSTEMPATH\Router\RouteCollection.php(799): CodeIgniter\Router\RouteCollection->{closure:{closure:C:\project\new_perumahan\app\Config\Routes.php:45}:79}(Object(CodeIgniter\Router\RouteCollection))
 4 APPPATH\Config\Routes.php(79): CodeIgniter\Router\RouteCollection->group('media', Object(Closure))
 5 SYSTEMPATH\Router\RouteCollection.php(799): CodeIgniter\Router\RouteCollection->{closure:C:\project\new_perumahan\app\Config\Routes.php:45}(Object(CodeIgniter\Router\RouteCollection))
 6 APPPATH\Config\Routes.php(45): CodeIgniter\Router\RouteCollection->group('admin', [...], Object(Closure))
 7 SYSTEMPATH\Router\RouteCollection.php(339): require('C:\\project\\new_perumahan\\app\\Config\\Routes.php')
 8 SYSTEMPATH\CodeIgniter.php(841): CodeIgniter\Router\RouteCollection->loadRoutes()
 9 SYSTEMPATH\CodeIgniter.php(464): CodeIgniter\CodeIgniter->tryToRouteIt(null)
10 SYSTEMPATH\CodeIgniter.php(363): CodeIgniter\CodeIgniter->handleRequest(null, Object(Config\Cache), false)
11 SYSTEMPATH\Boot.php(417): CodeIgniter\CodeIgniter->run()
12 SYSTEMPATH\Boot.php(68): CodeIgniter\Boot::runCodeIgniter(Object(CodeIgniter\CodeIgniter))
13 FCPATH\index.php(59): CodeIgniter\Boot::bootWeb(Object(Config\Paths))
14 SYSTEMPATH\rewrite.php(44): require_once('C:\\project\\new_perumahan\\public\\index.php')
DEBUG - 2026-09-21 09:50:30 --> Session: Class initialized using 'CodeIgniter\Session\Handlers\FileHandler' driver.
WARNING - 2026-09-21 09:50:35 --> [DEPRECATED] Passing lowercase HTTP method "get" is deprecated. Use uppercase HTTP method like "GET". in SYSTEMPATH\Router\RouteCollection.php on line 1026.
 1 SYSTEMPATH\Router\RouteCollection.php(1026): trigger_error('Passing lowercase HTTP method "get" is deprecated. Use uppercase HTTP method like "GET".', 16384)
 2 APPPATH\Config\Routes.php(83): CodeIgniter\Router\RouteCollection->match([...], 'connector', 'Admin\\Media::connector')
 3 SYSTEMPATH\Router\RouteCollection.php(799): CodeIgniter\Router\RouteCollection->{closure:{closure:C:\project\new_perumahan\app\Config\Routes.php:45}:79}(Object(CodeIgniter\Router\RouteCollection))
 4 APPPATH\Config\Routes.php(79): CodeIgniter\Router\RouteCollection->group('media', Object(Closure))
 5 SYSTEMPATH\Router\RouteCollection.php(799): CodeIgniter\Router\RouteCollection->{closure:C:\project\new_perumahan\app\Config\Routes.php:45}(Object(CodeIgniter\Router\RouteCollection))
 6 APPPATH\Config\Routes.php(45): CodeIgniter\Router\RouteCollection->group('admin', [...], Object(Closure))
 7 SYSTEMPATH\Router\RouteCollection.php(339): require('C:\\project\\new_perumahan\\app\\Config\\Routes.php')
 8 SYSTEMPATH\CodeIgniter.php(841): CodeIgniter\Router\RouteCollection->loadRoutes()
 9 SYSTEMPATH\CodeIgniter.php(464): CodeIgniter\CodeIgniter->tryToRouteIt(null)
10 SYSTEMPATH\CodeIgniter.php(363): CodeIgniter\CodeIgniter->handleRequest(null, Object(Config\Cache), false)
11 SYSTEMPATH\Boot.php(417): CodeIgniter\CodeIgniter->run()
12 SYSTEMPATH\Boot.php(68): CodeIgniter\Boot::runCodeIgniter(Object(CodeIgniter\CodeIgniter))
13 FCPATH\index.php(59): CodeIgniter\Boot::bootWeb(Object(Config\Paths))
14 SYSTEMPATH\rewrite.php(44): require_once('C:\\project\\new_perumahan\\public\\index.php')
WARNING - 2026-09-21 09:50:35 --> [DEPRECATED] Passing lowercase HTTP method "post" is deprecated. Use uppercase HTTP method like "POST". in SYSTEMPATH\Router\RouteCollection.php on line 1026.
 1 SYSTEMPATH\Router\RouteCollection.php(1026): trigger_error('Passing lowercase HTTP method "post" is deprecated. Use uppercase HTTP method like "POST".', 16384)
 2 APPPATH\Config\Routes.php(83): CodeIgniter\Router\RouteCollection->match([...], 'connector', 'Admin\\Media::connector')
 3 SYSTEMPATH\Router\RouteCollection.php(799): CodeIgniter\Router\RouteCollection->{closure:{closure:C:\project\new_perumahan\app\Config\Routes.php:45}:79}(Object(CodeIgniter\Router\RouteCollection))
 4 APPPATH\Config\Routes.php(79): CodeIgniter\Router\RouteCollection->group('media', Object(Closure))
 5 SYSTEMPATH\Router\RouteCollection.php(799): CodeIgniter\Router\RouteCollection->{closure:C:\project\new_perumahan\app\Config\Routes.php:45}(Object(CodeIgniter\Router\RouteCollection))
 6 APPPATH\Config\Routes.php(45): CodeIgniter\Router\RouteCollection->group('admin', [...], Object(Closure))
 7 SYSTEMPATH\Router\RouteCollection.php(339): require('C:\\project\\new_perumahan\\app\\Config\\Routes.php')
 8 SYSTEMPATH\CodeIgniter.php(841): CodeIgniter\Router\RouteCollection->loadRoutes()
 9 SYSTEMPATH\CodeIgniter.php(464): CodeIgniter\CodeIgniter->tryToRouteIt(null)
10 SYSTEMPATH\CodeIgniter.php(363): CodeIgniter\CodeIgniter->handleRequest(null, Object(Config\Cache), false)
11 SYSTEMPATH\Boot.php(417): CodeIgniter\CodeIgniter->run()
12 SYSTEMPATH\Boot.php(68): CodeIgniter\Boot::runCodeIgniter(Object(CodeIgniter\CodeIgniter))
13 FCPATH\index.php(59): CodeIgniter\Boot::bootWeb(Object(Config\Paths))
14 SYSTEMPATH\rewrite.php(44): require_once('C:\\project\\new_perumahan\\public\\index.php')
DEBUG - 2026-09-21 09:50:35 --> Session: Class initialized using 'CodeIgniter\Session\Handlers\FileHandler' driver.
WARNING - 2026-09-21 09:50:40 --> [DEPRECATED] Passing lowercase HTTP method "get" is deprecated. Use uppercase HTTP method like "GET". in SYSTEMPATH\Router\RouteCollection.php on line 1026.
 1 SYSTEMPATH\Router\RouteCollection.php(1026): trigger_error('Passing lowercase HTTP method "get" is deprecated. Use uppercase HTTP method like "GET".', 16384)
 2 APPPATH\Config\Routes.php(83): CodeIgniter\Router\RouteCollection->match([...], 'connector', 'Admin\\Media::connector')
 3 SYSTEMPATH\Router\RouteCollection.php(799): CodeIgniter\Router\RouteCollection->{closure:{closure:C:\project\new_perumahan\app\Config\Routes.php:45}:79}(Object(CodeIgniter\Router\RouteCollection))
 4 APPPATH\Config\Routes.php(79): CodeIgniter\Router\RouteCollection->group('media', Object(Closure))
 5 SYSTEMPATH\Router\RouteCollection.php(799): CodeIgniter\Router\RouteCollection->{closure:C:\project\new_perumahan\app\Config\Routes.php:45}(Object(CodeIgniter\Router\RouteCollection))
 6 APPPATH\Config\Routes.php(45): CodeIgniter\Router\RouteCollection->group('admin', [...], Object(Closure))
 7 SYSTEMPATH\Router\RouteCollection.php(339): require('C:\\project\\new_perumahan\\app\\Config\\Routes.php')
 8 SYSTEMPATH\CodeIgniter.php(841): CodeIgniter\Router\RouteCollection->loadRoutes()
 9 SYSTEMPATH\CodeIgniter.php(464): CodeIgniter\CodeIgniter->tryToRouteIt(null)
10 SYSTEMPATH\CodeIgniter.php(363): CodeIgniter\CodeIgniter->handleRequest(null, Object(Config\Cache), false)
11 SYSTEMPATH\Boot.php(417): CodeIgniter\CodeIgniter->run()
12 SYSTEMPATH\Boot.php(68): CodeIgniter\Boot::runCodeIgniter(Object(CodeIgniter\CodeIgniter))
13 FCPATH\index.php(59): CodeIgniter\Boot::bootWeb(Object(Config\Paths))
14 SYSTEMPATH\rewrite.php(44): require_once('C:\\project\\new_perumahan\\public\\index.php')
WARNING - 2026-09-21 09:50:40 --> [DEPRECATED] Passing lowercase HTTP method "post" is deprecated. Use uppercase HTTP method like "POST". in SYSTEMPATH\Router\RouteCollection.php on line 1026.
 1 SYSTEMPATH\Router\RouteCollection.php(1026): trigger_error('Passing lowercase HTTP method "post" is deprecated. Use uppercase HTTP method like "POST".', 16384)
 2 APPPATH\Config\Routes.php(83): CodeIgniter\Router\RouteCollection->match([...], 'connector', 'Admin\\Media::connector')
 3 SYSTEMPATH\Router\RouteCollection.php(799): CodeIgniter\Router\RouteCollection->{closure:{closure:C:\project\new_perumahan\app\Config\Routes.php:45}:79}(Object(CodeIgniter\Router\RouteCollection))
 4 APPPATH\Config\Routes.php(79): CodeIgniter\Router\RouteCollection->group('media', Object(Closure))
 5 SYSTEMPATH\Router\RouteCollection.php(799): CodeIgniter\Router\RouteCollection->{closure:C:\project\new_perumahan\app\Config\Routes.php:45}(Object(CodeIgniter\Router\RouteCollection))
 6 APPPATH\Config\Routes.php(45): CodeIgniter\Router\RouteCollection->group('admin', [...], Object(Closure))
 7 SYSTEMPATH\Router\RouteCollection.php(339): require('C:\\project\\new_perumahan\\app\\Config\\Routes.php')
 8 SYSTEMPATH\CodeIgniter.php(841): CodeIgniter\Router\RouteCollection->loadRoutes()
 9 SYSTEMPATH\CodeIgniter.php(464): CodeIgniter\CodeIgniter->tryToRouteIt(null)
10 SYSTEMPATH\CodeIgniter.php(363): CodeIgniter\CodeIgniter->handleRequest(null, Object(Config\Cache), false)
11 SYSTEMPATH\Boot.php(417): CodeIgniter\CodeIgniter->run()
12 SYSTEMPATH\Boot.php(68): CodeIgniter\Boot::runCodeIgniter(Object(CodeIgniter\CodeIgniter))
13 FCPATH\index.php(59): CodeIgniter\Boot::bootWeb(Object(Config\Paths))
14 SYSTEMPATH\rewrite.php(44): require_once('C:\\project\\new_perumahan\\public\\index.php')
DEBUG - 2026-09-21 09:50:40 --> Session: Class initialized using 'CodeIgniter\Session\Handlers\FileHandler' driver.
WARNING - 2026-09-21 09:50:41 --> [DEPRECATED] Passing lowercase HTTP method "get" is deprecated. Use uppercase HTTP method like "GET". in SYSTEMPATH\Router\RouteCollection.php on line 1026.
 1 SYSTEMPATH\Router\RouteCollection.php(1026): trigger_error('Passing lowercase HTTP method "get" is deprecated. Use uppercase HTTP method like "GET".', 16384)
 2 APPPATH\Config\Routes.php(83): CodeIgniter\Router\RouteCollection->match([...], 'connector', 'Admin\\Media::connector')
 3 SYSTEMPATH\Router\RouteCollection.php(799): CodeIgniter\Router\RouteCollection->{closure:{closure:C:\project\new_perumahan\app\Config\Routes.php:45}:79}(Object(CodeIgniter\Router\RouteCollection))
 4 APPPATH\Config\Routes.php(79): CodeIgniter\Router\RouteCollection->group('media', Object(Closure))
 5 SYSTEMPATH\Router\RouteCollection.php(799): CodeIgniter\Router\RouteCollection->{closure:C:\project\new_perumahan\app\Config\Routes.php:45}(Object(CodeIgniter\Router\RouteCollection))
 6 APPPATH\Config\Routes.php(45): CodeIgniter\Router\RouteCollection->group('admin', [...], Object(Closure))
 7 SYSTEMPATH\Router\RouteCollection.php(339): require('C:\\project\\new_perumahan\\app\\Config\\Routes.php')
 8 SYSTEMPATH\CodeIgniter.php(841): CodeIgniter\Router\RouteCollection->loadRoutes()
 9 SYSTEMPATH\CodeIgniter.php(464): CodeIgniter\CodeIgniter->tryToRouteIt(null)
10 SYSTEMPATH\CodeIgniter.php(363): CodeIgniter\CodeIgniter->handleRequest(null, Object(Config\Cache), false)
11 SYSTEMPATH\Boot.php(417): CodeIgniter\CodeIgniter->run()
12 SYSTEMPATH\Boot.php(68): CodeIgniter\Boot::runCodeIgniter(Object(CodeIgniter\CodeIgniter))
13 FCPATH\index.php(59): CodeIgniter\Boot::bootWeb(Object(Config\Paths))
14 SYSTEMPATH\rewrite.php(44): require_once('C:\\project\\new_perumahan\\public\\index.php')
WARNING - 2026-09-21 09:50:41 --> [DEPRECATED] Passing lowercase HTTP method "post" is deprecated. Use uppercase HTTP method like "POST". in SYSTEMPATH\Router\RouteCollection.php on line 1026.
 1 SYSTEMPATH\Router\RouteCollection.php(1026): trigger_error('Passing lowercase HTTP method "post" is deprecated. Use uppercase HTTP method like "POST".', 16384)
 2 APPPATH\Config\Routes.php(83): CodeIgniter\Router\RouteCollection->match([...], 'connector', 'Admin\\Media::connector')
 3 SYSTEMPATH\Router\RouteCollection.php(799): CodeIgniter\Router\RouteCollection->{closure:{closure:C:\project\new_perumahan\app\Config\Routes.php:45}:79}(Object(CodeIgniter\Router\RouteCollection))
 4 APPPATH\Config\Routes.php(79): CodeIgniter\Router\RouteCollection->group('media', Object(Closure))
 5 SYSTEMPATH\Router\RouteCollection.php(799): CodeIgniter\Router\RouteCollection->{closure:C:\project\new_perumahan\app\Config\Routes.php:45}(Object(CodeIgniter\Router\RouteCollection))
 6 APPPATH\Config\Routes.php(45): CodeIgniter\Router\RouteCollection->group('admin', [...], Object(Closure))
 7 SYSTEMPATH\Router\RouteCollection.php(339): require('C:\\project\\new_perumahan\\app\\Config\\Routes.php')
 8 SYSTEMPATH\CodeIgniter.php(841): CodeIgniter\Router\RouteCollection->loadRoutes()
 9 SYSTEMPATH\CodeIgniter.php(464): CodeIgniter\CodeIgniter->tryToRouteIt(null)
10 SYSTEMPATH\CodeIgniter.php(363): CodeIgniter\CodeIgniter->handleRequest(null, Object(Config\Cache), false)
11 SYSTEMPATH\Boot.php(417): CodeIgniter\CodeIgniter->run()
12 SYSTEMPATH\Boot.php(68): CodeIgniter\Boot::runCodeIgniter(Object(CodeIgniter\CodeIgniter))
13 FCPATH\index.php(59): CodeIgniter\Boot::bootWeb(Object(Config\Paths))
14 SYSTEMPATH\rewrite.php(44): require_once('C:\\project\\new_perumahan\\public\\index.php')
DEBUG - 2026-09-21 09:50:41 --> Session: Class initialized using 'CodeIgniter\Session\Handlers\FileHandler' driver.
WARNING - 2026-09-21 09:50:44 --> [DEPRECATED] Passing lowercase HTTP method "get" is deprecated. Use uppercase HTTP method like "GET". in SYSTEMPATH\Router\RouteCollection.php on line 1026.
 1 SYSTEMPATH\Router\RouteCollection.php(1026): trigger_error('Passing lowercase HTTP method "get" is deprecated. Use uppercase HTTP method like "GET".', 16384)
 2 APPPATH\Config\Routes.php(83): CodeIgniter\Router\RouteCollection->match([...], 'connector', 'Admin\\Media::connector')
 3 SYSTEMPATH\Router\RouteCollection.php(799): CodeIgniter\Router\RouteCollection->{closure:{closure:C:\project\new_perumahan\app\Config\Routes.php:45}:79}(Object(CodeIgniter\Router\RouteCollection))
 4 APPPATH\Config\Routes.php(79): CodeIgniter\Router\RouteCollection->group('media', Object(Closure))
 5 SYSTEMPATH\Router\RouteCollection.php(799): CodeIgniter\Router\RouteCollection->{closure:C:\project\new_perumahan\app\Config\Routes.php:45}(Object(CodeIgniter\Router\RouteCollection))
 6 APPPATH\Config\Routes.php(45): CodeIgniter\Router\RouteCollection->group('admin', [...], Object(Closure))
 7 SYSTEMPATH\Router\RouteCollection.php(339): require('C:\\project\\new_perumahan\\app\\Config\\Routes.php')
 8 SYSTEMPATH\CodeIgniter.php(841): CodeIgniter\Router\RouteCollection->loadRoutes()
 9 SYSTEMPATH\CodeIgniter.php(464): CodeIgniter\CodeIgniter->tryToRouteIt(null)
10 SYSTEMPATH\CodeIgniter.php(363): CodeIgniter\CodeIgniter->handleRequest(null, Object(Config\Cache), false)
11 SYSTEMPATH\Boot.php(417): CodeIgniter\CodeIgniter->run()
12 SYSTEMPATH\Boot.php(68): CodeIgniter\Boot::runCodeIgniter(Object(CodeIgniter\CodeIgniter))
13 FCPATH\index.php(59): CodeIgniter\Boot::bootWeb(Object(Config\Paths))
14 SYSTEMPATH\rewrite.php(44): require_once('C:\\project\\new_perumahan\\public\\index.php')
WARNING - 2026-09-21 09:50:44 --> [DEPRECATED] Passing lowercase HTTP method "post" is deprecated. Use uppercase HTTP method like "POST". in SYSTEMPATH\Router\RouteCollection.php on line 1026.
 1 SYSTEMPATH\Router\RouteCollection.php(1026): trigger_error('Passing lowercase HTTP method "post" is deprecated. Use uppercase HTTP method like "POST".', 16384)
 2 APPPATH\Config\Routes.php(83): CodeIgniter\Router\RouteCollection->match([...], 'connector', 'Admin\\Media::connector')
 3 SYSTEMPATH\Router\RouteCollection.php(799): CodeIgniter\Router\RouteCollection->{closure:{closure:C:\project\new_perumahan\app\Config\Routes.php:45}:79}(Object(CodeIgniter\Router\RouteCollection))
 4 APPPATH\Config\Routes.php(79): CodeIgniter\Router\RouteCollection->group('media', Object(Closure))
 5 SYSTEMPATH\Router\RouteCollection.php(799): CodeIgniter\Router\RouteCollection->{closure:C:\project\new_perumahan\app\Config\Routes.php:45}(Object(CodeIgniter\Router\RouteCollection))
 6 APPPATH\Config\Routes.php(45): CodeIgniter\Router\RouteCollection->group('admin', [...], Object(Closure))
 7 SYSTEMPATH\Router\RouteCollection.php(339): require('C:\\project\\new_perumahan\\app\\Config\\Routes.php')
 8 SYSTEMPATH\CodeIgniter.php(841): CodeIgniter\Router\RouteCollection->loadRoutes()
 9 SYSTEMPATH\CodeIgniter.php(464): CodeIgniter\CodeIgniter->tryToRouteIt(null)
10 SYSTEMPATH\CodeIgniter.php(363): CodeIgniter\CodeIgniter->handleRequest(null, Object(Config\Cache), false)
11 SYSTEMPATH\Boot.php(417): CodeIgniter\CodeIgniter->run()
12 SYSTEMPATH\Boot.php(68): CodeIgniter\Boot::runCodeIgniter(Object(CodeIgniter\CodeIgniter))
13 FCPATH\index.php(59): CodeIgniter\Boot::bootWeb(Object(Config\Paths))
14 SYSTEMPATH\rewrite.php(44): require_once('C:\\project\\new_perumahan\\public\\index.php')
DEBUG - 2026-09-21 09:50:44 --> Session: Class initialized using 'CodeIgniter\Session\Handlers\FileHandler' driver.
WARNING - 2026-09-21 09:50:46 --> [DEPRECATED] Passing lowercase HTTP method "get" is deprecated. Use uppercase HTTP method like "GET". in SYSTEMPATH\Router\RouteCollection.php on line 1026.
 1 SYSTEMPATH\Router\RouteCollection.php(1026): trigger_error('Passing lowercase HTTP method "get" is deprecated. Use uppercase HTTP method like "GET".', 16384)
 2 APPPATH\Config\Routes.php(83): CodeIgniter\Router\RouteCollection->match([...], 'connector', 'Admin\\Media::connector')
 3 SYSTEMPATH\Router\RouteCollection.php(799): CodeIgniter\Router\RouteCollection->{closure:{closure:C:\project\new_perumahan\app\Config\Routes.php:45}:79}(Object(CodeIgniter\Router\RouteCollection))
 4 APPPATH\Config\Routes.php(79): CodeIgniter\Router\RouteCollection->group('media', Object(Closure))
 5 SYSTEMPATH\Router\RouteCollection.php(799): CodeIgniter\Router\RouteCollection->{closure:C:\project\new_perumahan\app\Config\Routes.php:45}(Object(CodeIgniter\Router\RouteCollection))
 6 APPPATH\Config\Routes.php(45): CodeIgniter\Router\RouteCollection->group('admin', [...], Object(Closure))
 7 SYSTEMPATH\Router\RouteCollection.php(339): require('C:\\project\\new_perumahan\\app\\Config\\Routes.php')
 8 SYSTEMPATH\CodeIgniter.php(841): CodeIgniter\Router\RouteCollection->loadRoutes()
 9 SYSTEMPATH\CodeIgniter.php(464): CodeIgniter\CodeIgniter->tryToRouteIt(null)
10 SYSTEMPATH\CodeIgniter.php(363): CodeIgniter\CodeIgniter->handleRequest(null, Object(Config\Cache), false)
11 SYSTEMPATH\Boot.php(417): CodeIgniter\CodeIgniter->run()
12 SYSTEMPATH\Boot.php(68): CodeIgniter\Boot::runCodeIgniter(Object(CodeIgniter\CodeIgniter))
13 FCPATH\index.php(59): CodeIgniter\Boot::bootWeb(Object(Config\Paths))
14 SYSTEMPATH\rewrite.php(44): require_once('C:\\project\\new_perumahan\\public\\index.php')
WARNING - 2026-09-21 09:50:46 --> [DEPRECATED] Passing lowercase HTTP method "post" is deprecated. Use uppercase HTTP method like "POST". in SYSTEMPATH\Router\RouteCollection.php on line 1026.
 1 SYSTEMPATH\Router\RouteCollection.php(1026): trigger_error('Passing lowercase HTTP method "post" is deprecated. Use uppercase HTTP method like "POST".', 16384)
 2 APPPATH\Config\Routes.php(83): CodeIgniter\Router\RouteCollection->match([...], 'connector', 'Admin\\Media::connector')
 3 SYSTEMPATH\Router\RouteCollection.php(799): CodeIgniter\Router\RouteCollection->{closure:{closure:C:\project\new_perumahan\app\Config\Routes.php:45}:79}(Object(CodeIgniter\Router\RouteCollection))
 4 APPPATH\Config\Routes.php(79): CodeIgniter\Router\RouteCollection->group('media', Object(Closure))
 5 SYSTEMPATH\Router\RouteCollection.php(799): CodeIgniter\Router\RouteCollection->{closure:C:\project\new_perumahan\app\Config\Routes.php:45}(Object(CodeIgniter\Router\RouteCollection))
 6 APPPATH\Config\Routes.php(45): CodeIgniter\Router\RouteCollection->group('admin', [...], Object(Closure))
 7 SYSTEMPATH\Router\RouteCollection.php(339): require('C:\\project\\new_perumahan\\app\\Config\\Routes.php')
 8 SYSTEMPATH\CodeIgniter.php(841): CodeIgniter\Router\RouteCollection->loadRoutes()
 9 SYSTEMPATH\CodeIgniter.php(464): CodeIgniter\CodeIgniter->tryToRouteIt(null)
10 SYSTEMPATH\CodeIgniter.php(363): CodeIgniter\CodeIgniter->handleRequest(null, Object(Config\Cache), false)
11 SYSTEMPATH\Boot.php(417): CodeIgniter\CodeIgniter->run()
12 SYSTEMPATH\Boot.php(68): CodeIgniter\Boot::runCodeIgniter(Object(CodeIgniter\CodeIgniter))
13 FCPATH\index.php(59): CodeIgniter\Boot::bootWeb(Object(Config\Paths))
14 SYSTEMPATH\rewrite.php(44): require_once('C:\\project\\new_perumahan\\public\\index.php')
DEBUG - 2026-09-21 09:50:46 --> Session: Class initialized using 'CodeIgniter\Session\Handlers\FileHandler' driver.
WARNING - 2026-09-21 09:50:50 --> [DEPRECATED] Passing lowercase HTTP method "get" is deprecated. Use uppercase HTTP method like "GET". in SYSTEMPATH\Router\RouteCollection.php on line 1026.
 1 SYSTEMPATH\Router\RouteCollection.php(1026): trigger_error('Passing lowercase HTTP method "get" is deprecated. Use uppercase HTTP method like "GET".', 16384)
 2 APPPATH\Config\Routes.php(83): CodeIgniter\Router\RouteCollection->match([...], 'connector', 'Admin\\Media::connector')
 3 SYSTEMPATH\Router\RouteCollection.php(799): CodeIgniter\Router\RouteCollection->{closure:{closure:C:\project\new_perumahan\app\Config\Routes.php:45}:79}(Object(CodeIgniter\Router\RouteCollection))
 4 APPPATH\Config\Routes.php(79): CodeIgniter\Router\RouteCollection->group('media', Object(Closure))
 5 SYSTEMPATH\Router\RouteCollection.php(799): CodeIgniter\Router\RouteCollection->{closure:C:\project\new_perumahan\app\Config\Routes.php:45}(Object(CodeIgniter\Router\RouteCollection))
 6 APPPATH\Config\Routes.php(45): CodeIgniter\Router\RouteCollection->group('admin', [...], Object(Closure))
 7 SYSTEMPATH\Router\RouteCollection.php(339): require('C:\\project\\new_perumahan\\app\\Config\\Routes.php')
 8 SYSTEMPATH\CodeIgniter.php(841): CodeIgniter\Router\RouteCollection->loadRoutes()
 9 SYSTEMPATH\CodeIgniter.php(464): CodeIgniter\CodeIgniter->tryToRouteIt(null)
10 SYSTEMPATH\CodeIgniter.php(363): CodeIgniter\CodeIgniter->handleRequest(null, Object(Config\Cache), false)
11 SYSTEMPATH\Boot.php(417): CodeIgniter\CodeIgniter->run()
12 SYSTEMPATH\Boot.php(68): CodeIgniter\Boot::runCodeIgniter(Object(CodeIgniter\CodeIgniter))
13 FCPATH\index.php(59): CodeIgniter\Boot::bootWeb(Object(Config\Paths))
14 SYSTEMPATH\rewrite.php(44): require_once('C:\\project\\new_perumahan\\public\\index.php')
WARNING - 2026-09-21 09:50:50 --> [DEPRECATED] Passing lowercase HTTP method "post" is deprecated. Use uppercase HTTP method like "POST". in SYSTEMPATH\Router\RouteCollection.php on line 1026.
 1 SYSTEMPATH\Router\RouteCollection.php(1026): trigger_error('Passing lowercase HTTP method "post" is deprecated. Use uppercase HTTP method like "POST".', 16384)
 2 APPPATH\Config\Routes.php(83): CodeIgniter\Router\RouteCollection->match([...], 'connector', 'Admin\\Media::connector')
 3 SYSTEMPATH\Router\RouteCollection.php(799): CodeIgniter\Router\RouteCollection->{closure:{closure:C:\project\new_perumahan\app\Config\Routes.php:45}:79}(Object(CodeIgniter\Router\RouteCollection))
 4 APPPATH\Config\Routes.php(79): CodeIgniter\Router\RouteCollection->group('media', Object(Closure))
 5 SYSTEMPATH\Router\RouteCollection.php(799): CodeIgniter\Router\RouteCollection->{closure:C:\project\new_perumahan\app\Config\Routes.php:45}(Object(CodeIgniter\Router\RouteCollection))
 6 APPPATH\Config\Routes.php(45): CodeIgniter\Router\RouteCollection->group('admin', [...], Object(Closure))
 7 SYSTEMPATH\Router\RouteCollection.php(339): require('C:\\project\\new_perumahan\\app\\Config\\Routes.php')
 8 SYSTEMPATH\CodeIgniter.php(841): CodeIgniter\Router\RouteCollection->loadRoutes()
 9 SYSTEMPATH\CodeIgniter.php(464): CodeIgniter\CodeIgniter->tryToRouteIt(null)
10 SYSTEMPATH\CodeIgniter.php(363): CodeIgniter\CodeIgniter->handleRequest(null, Object(Config\Cache), false)
11 SYSTEMPATH\Boot.php(417): CodeIgniter\CodeIgniter->run()
12 SYSTEMPATH\Boot.php(68): CodeIgniter\Boot::runCodeIgniter(Object(CodeIgniter\CodeIgniter))
13 FCPATH\index.php(59): CodeIgniter\Boot::bootWeb(Object(Config\Paths))
14 SYSTEMPATH\rewrite.php(44): require_once('C:\\project\\new_perumahan\\public\\index.php')
DEBUG - 2026-09-21 09:50:50 --> Session: Class initialized using 'CodeIgniter\Session\Handlers\FileHandler' driver.
WARNING - 2026-09-21 09:50:58 --> [DEPRECATED] Passing lowercase HTTP method "get" is deprecated. Use uppercase HTTP method like "GET". in SYSTEMPATH\Router\RouteCollection.php on line 1026.
 1 SYSTEMPATH\Router\RouteCollection.php(1026): trigger_error('Passing lowercase HTTP method "get" is deprecated. Use uppercase HTTP method like "GET".', 16384)
 2 APPPATH\Config\Routes.php(83): CodeIgniter\Router\RouteCollection->match([...], 'connector', 'Admin\\Media::connector')
 3 SYSTEMPATH\Router\RouteCollection.php(799): CodeIgniter\Router\RouteCollection->{closure:{closure:C:\project\new_perumahan\app\Config\Routes.php:45}:79}(Object(CodeIgniter\Router\RouteCollection))
 4 APPPATH\Config\Routes.php(79): CodeIgniter\Router\RouteCollection->group('media', Object(Closure))
 5 SYSTEMPATH\Router\RouteCollection.php(799): CodeIgniter\Router\RouteCollection->{closure:C:\project\new_perumahan\app\Config\Routes.php:45}(Object(CodeIgniter\Router\RouteCollection))
 6 APPPATH\Config\Routes.php(45): CodeIgniter\Router\RouteCollection->group('admin', [...], Object(Closure))
 7 SYSTEMPATH\Router\RouteCollection.php(339): require('C:\\project\\new_perumahan\\app\\Config\\Routes.php')
 8 SYSTEMPATH\CodeIgniter.php(841): CodeIgniter\Router\RouteCollection->loadRoutes()
 9 SYSTEMPATH\CodeIgniter.php(464): CodeIgniter\CodeIgniter->tryToRouteIt(null)
10 SYSTEMPATH\CodeIgniter.php(363): CodeIgniter\CodeIgniter->handleRequest(null, Object(Config\Cache), false)
11 SYSTEMPATH\Boot.php(417): CodeIgniter\CodeIgniter->run()
12 SYSTEMPATH\Boot.php(68): CodeIgniter\Boot::runCodeIgniter(Object(CodeIgniter\CodeIgniter))
13 FCPATH\index.php(59): CodeIgniter\Boot::bootWeb(Object(Config\Paths))
14 SYSTEMPATH\rewrite.php(44): require_once('C:\\project\\new_perumahan\\public\\index.php')
WARNING - 2026-09-21 09:50:58 --> [DEPRECATED] Passing lowercase HTTP method "post" is deprecated. Use uppercase HTTP method like "POST". in SYSTEMPATH\Router\RouteCollection.php on line 1026.
 1 SYSTEMPATH\Router\RouteCollection.php(1026): trigger_error('Passing lowercase HTTP method "post" is deprecated. Use uppercase HTTP method like "POST".', 16384)
 2 APPPATH\Config\Routes.php(83): CodeIgniter\Router\RouteCollection->match([...], 'connector', 'Admin\\Media::connector')
 3 SYSTEMPATH\Router\RouteCollection.php(799): CodeIgniter\Router\RouteCollection->{closure:{closure:C:\project\new_perumahan\app\Config\Routes.php:45}:79}(Object(CodeIgniter\Router\RouteCollection))
 4 APPPATH\Config\Routes.php(79): CodeIgniter\Router\RouteCollection->group('media', Object(Closure))
 5 SYSTEMPATH\Router\RouteCollection.php(799): CodeIgniter\Router\RouteCollection->{closure:C:\project\new_perumahan\app\Config\Routes.php:45}(Object(CodeIgniter\Router\RouteCollection))
 6 APPPATH\Config\Routes.php(45): CodeIgniter\Router\RouteCollection->group('admin', [...], Object(Closure))
 7 SYSTEMPATH\Router\RouteCollection.php(339): require('C:\\project\\new_perumahan\\app\\Config\\Routes.php')
 8 SYSTEMPATH\CodeIgniter.php(841): CodeIgniter\Router\RouteCollection->loadRoutes()
 9 SYSTEMPATH\CodeIgniter.php(464): CodeIgniter\CodeIgniter->tryToRouteIt(null)
10 SYSTEMPATH\CodeIgniter.php(363): CodeIgniter\CodeIgniter->handleRequest(null, Object(Config\Cache), false)
11 SYSTEMPATH\Boot.php(417): CodeIgniter\CodeIgniter->run()
12 SYSTEMPATH\Boot.php(68): CodeIgniter\Boot::runCodeIgniter(Object(CodeIgniter\CodeIgniter))
13 FCPATH\index.php(59): CodeIgniter\Boot::bootWeb(Object(Config\Paths))
14 SYSTEMPATH\rewrite.php(44): require_once('C:\\project\\new_perumahan\\public\\index.php')
DEBUG - 2026-09-21 09:50:58 --> Session: Class initialized using 'CodeIgniter\Session\Handlers\FileHandler' driver.
WARNING - 2026-09-21 09:51:03 --> [DEPRECATED] Passing lowercase HTTP method "get" is deprecated. Use uppercase HTTP method like "GET". in SYSTEMPATH\Router\RouteCollection.php on line 1026.
 1 SYSTEMPATH\Router\RouteCollection.php(1026): trigger_error('Passing lowercase HTTP method "get" is deprecated. Use uppercase HTTP method like "GET".', 16384)
 2 APPPATH\Config\Routes.php(83): CodeIgniter\Router\RouteCollection->match([...], 'connector', 'Admin\\Media::connector')
 3 SYSTEMPATH\Router\RouteCollection.php(799): CodeIgniter\Router\RouteCollection->{closure:{closure:C:\project\new_perumahan\app\Config\Routes.php:45}:79}(Object(CodeIgniter\Router\RouteCollection))
 4 APPPATH\Config\Routes.php(79): CodeIgniter\Router\RouteCollection->group('media', Object(Closure))
 5 SYSTEMPATH\Router\RouteCollection.php(799): CodeIgniter\Router\RouteCollection->{closure:C:\project\new_perumahan\app\Config\Routes.php:45}(Object(CodeIgniter\Router\RouteCollection))
 6 APPPATH\Config\Routes.php(45): CodeIgniter\Router\RouteCollection->group('admin', [...], Object(Closure))
 7 SYSTEMPATH\Router\RouteCollection.php(339): require('C:\\project\\new_perumahan\\app\\Config\\Routes.php')
 8 SYSTEMPATH\CodeIgniter.php(841): CodeIgniter\Router\RouteCollection->loadRoutes()
 9 SYSTEMPATH\CodeIgniter.php(464): CodeIgniter\CodeIgniter->tryToRouteIt(null)
10 SYSTEMPATH\CodeIgniter.php(363): CodeIgniter\CodeIgniter->handleRequest(null, Object(Config\Cache), false)
11 SYSTEMPATH\Boot.php(417): CodeIgniter\CodeIgniter->run()
12 SYSTEMPATH\Boot.php(68): CodeIgniter\Boot::runCodeIgniter(Object(CodeIgniter\CodeIgniter))
13 FCPATH\index.php(59): CodeIgniter\Boot::bootWeb(Object(Config\Paths))
14 SYSTEMPATH\rewrite.php(44): require_once('C:\\project\\new_perumahan\\public\\index.php')
WARNING - 2026-09-21 09:51:03 --> [DEPRECATED] Passing lowercase HTTP method "post" is deprecated. Use uppercase HTTP method like "POST". in SYSTEMPATH\Router\RouteCollection.php on line 1026.
 1 SYSTEMPATH\Router\RouteCollection.php(1026): trigger_error('Passing lowercase HTTP method "post" is deprecated. Use uppercase HTTP method like "POST".', 16384)
 2 APPPATH\Config\Routes.php(83): CodeIgniter\Router\RouteCollection->match([...], 'connector', 'Admin\\Media::connector')
 3 SYSTEMPATH\Router\RouteCollection.php(799): CodeIgniter\Router\RouteCollection->{closure:{closure:C:\project\new_perumahan\app\Config\Routes.php:45}:79}(Object(CodeIgniter\Router\RouteCollection))
 4 APPPATH\Config\Routes.php(79): CodeIgniter\Router\RouteCollection->group('media', Object(Closure))
 5 SYSTEMPATH\Router\RouteCollection.php(799): CodeIgniter\Router\RouteCollection->{closure:C:\project\new_perumahan\app\Config\Routes.php:45}(Object(CodeIgniter\Router\RouteCollection))
 6 APPPATH\Config\Routes.php(45): CodeIgniter\Router\RouteCollection->group('admin', [...], Object(Closure))
 7 SYSTEMPATH\Router\RouteCollection.php(339): require('C:\\project\\new_perumahan\\app\\Config\\Routes.php')
 8 SYSTEMPATH\CodeIgniter.php(841): CodeIgniter\Router\RouteCollection->loadRoutes()
 9 SYSTEMPATH\CodeIgniter.php(464): CodeIgniter\CodeIgniter->tryToRouteIt(null)
10 SYSTEMPATH\CodeIgniter.php(363): CodeIgniter\CodeIgniter->handleRequest(null, Object(Config\Cache), false)
11 SYSTEMPATH\Boot.php(417): CodeIgniter\CodeIgniter->run()
12 SYSTEMPATH\Boot.php(68): CodeIgniter\Boot::runCodeIgniter(Object(CodeIgniter\CodeIgniter))
13 FCPATH\index.php(59): CodeIgniter\Boot::bootWeb(Object(Config\Paths))
14 SYSTEMPATH\rewrite.php(44): require_once('C:\\project\\new_perumahan\\public\\index.php')
DEBUG - 2026-09-21 09:51:03 --> Session: Class initialized using 'CodeIgniter\Session\Handlers\FileHandler' driver.
WARNING - 2026-09-21 09:51:09 --> [DEPRECATED] Passing lowercase HTTP method "get" is deprecated. Use uppercase HTTP method like "GET". in SYSTEMPATH\Router\RouteCollection.php on line 1026.
 1 SYSTEMPATH\Router\RouteCollection.php(1026): trigger_error('Passing lowercase HTTP method "get" is deprecated. Use uppercase HTTP method like "GET".', 16384)
 2 APPPATH\Config\Routes.php(83): CodeIgniter\Router\RouteCollection->match([...], 'connector', 'Admin\\Media::connector')
 3 SYSTEMPATH\Router\RouteCollection.php(799): CodeIgniter\Router\RouteCollection->{closure:{closure:C:\project\new_perumahan\app\Config\Routes.php:45}:79}(Object(CodeIgniter\Router\RouteCollection))
 4 APPPATH\Config\Routes.php(79): CodeIgniter\Router\RouteCollection->group('media', Object(Closure))
 5 SYSTEMPATH\Router\RouteCollection.php(799): CodeIgniter\Router\RouteCollection->{closure:C:\project\new_perumahan\app\Config\Routes.php:45}(Object(CodeIgniter\Router\RouteCollection))
 6 APPPATH\Config\Routes.php(45): CodeIgniter\Router\RouteCollection->group('admin', [...], Object(Closure))
 7 SYSTEMPATH\Router\RouteCollection.php(339): require('C:\\project\\new_perumahan\\app\\Config\\Routes.php')
 8 SYSTEMPATH\CodeIgniter.php(841): CodeIgniter\Router\RouteCollection->loadRoutes()
 9 SYSTEMPATH\CodeIgniter.php(464): CodeIgniter\CodeIgniter->tryToRouteIt(null)
10 SYSTEMPATH\CodeIgniter.php(363): CodeIgniter\CodeIgniter->handleRequest(null, Object(Config\Cache), false)
11 SYSTEMPATH\Boot.php(417): CodeIgniter\CodeIgniter->run()
12 SYSTEMPATH\Boot.php(68): CodeIgniter\Boot::runCodeIgniter(Object(CodeIgniter\CodeIgniter))
13 FCPATH\index.php(59): CodeIgniter\Boot::bootWeb(Object(Config\Paths))
14 SYSTEMPATH\rewrite.php(44): require_once('C:\\project\\new_perumahan\\public\\index.php')
WARNING - 2026-09-21 09:51:09 --> [DEPRECATED] Passing lowercase HTTP method "post" is deprecated. Use uppercase HTTP method like "POST". in SYSTEMPATH\Router\RouteCollection.php on line 1026.
 1 SYSTEMPATH\Router\RouteCollection.php(1026): trigger_error('Passing lowercase HTTP method "post" is deprecated. Use uppercase HTTP method like "POST".', 16384)
 2 APPPATH\Config\Routes.php(83): CodeIgniter\Router\RouteCollection->match([...], 'connector', 'Admin\\Media::connector')
 3 SYSTEMPATH\Router\RouteCollection.php(799): CodeIgniter\Router\RouteCollection->{closure:{closure:C:\project\new_perumahan\app\Config\Routes.php:45}:79}(Object(CodeIgniter\Router\RouteCollection))
 4 APPPATH\Config\Routes.php(79): CodeIgniter\Router\RouteCollection->group('media', Object(Closure))
 5 SYSTEMPATH\Router\RouteCollection.php(799): CodeIgniter\Router\RouteCollection->{closure:C:\project\new_perumahan\app\Config\Routes.php:45}(Object(CodeIgniter\Router\RouteCollection))
 6 APPPATH\Config\Routes.php(45): CodeIgniter\Router\RouteCollection->group('admin', [...], Object(Closure))
 7 SYSTEMPATH\Router\RouteCollection.php(339): require('C:\\project\\new_perumahan\\app\\Config\\Routes.php')
 8 SYSTEMPATH\CodeIgniter.php(841): CodeIgniter\Router\RouteCollection->loadRoutes()
 9 SYSTEMPATH\CodeIgniter.php(464): CodeIgniter\CodeIgniter->tryToRouteIt(null)
10 SYSTEMPATH\CodeIgniter.php(363): CodeIgniter\CodeIgniter->handleRequest(null, Object(Config\Cache), false)
11 SYSTEMPATH\Boot.php(417): CodeIgniter\CodeIgniter->run()
12 SYSTEMPATH\Boot.php(68): CodeIgniter\Boot::runCodeIgniter(Object(CodeIgniter\CodeIgniter))
13 FCPATH\index.php(59): CodeIgniter\Boot::bootWeb(Object(Config\Paths))
14 SYSTEMPATH\rewrite.php(44): require_once('C:\\project\\new_perumahan\\public\\index.php')
DEBUG - 2026-09-21 09:51:10 --> Session: Class initialized using 'CodeIgniter\Session\Handlers\FileHandler' driver.
WARNING - 2026-09-21 09:51:10 --> [DEPRECATED] Passing lowercase HTTP method "get" is deprecated. Use uppercase HTTP method like "GET". in SYSTEMPATH\Router\RouteCollection.php on line 1026.
 1 SYSTEMPATH\Router\RouteCollection.php(1026): trigger_error('Passing lowercase HTTP method "get" is deprecated. Use uppercase HTTP method like "GET".', 16384)
 2 APPPATH\Config\Routes.php(83): CodeIgniter\Router\RouteCollection->match([...], 'connector', 'Admin\\Media::connector')
 3 SYSTEMPATH\Router\RouteCollection.php(799): CodeIgniter\Router\RouteCollection->{closure:{closure:C:\project\new_perumahan\app\Config\Routes.php:45}:79}(Object(CodeIgniter\Router\RouteCollection))
 4 APPPATH\Config\Routes.php(79): CodeIgniter\Router\RouteCollection->group('media', Object(Closure))
 5 SYSTEMPATH\Router\RouteCollection.php(799): CodeIgniter\Router\RouteCollection->{closure:C:\project\new_perumahan\app\Config\Routes.php:45}(Object(CodeIgniter\Router\RouteCollection))
 6 APPPATH\Config\Routes.php(45): CodeIgniter\Router\RouteCollection->group('admin', [...], Object(Closure))
 7 SYSTEMPATH\Router\RouteCollection.php(339): require('C:\\project\\new_perumahan\\app\\Config\\Routes.php')
 8 SYSTEMPATH\CodeIgniter.php(841): CodeIgniter\Router\RouteCollection->loadRoutes()
 9 SYSTEMPATH\CodeIgniter.php(464): CodeIgniter\CodeIgniter->tryToRouteIt(null)
10 SYSTEMPATH\CodeIgniter.php(363): CodeIgniter\CodeIgniter->handleRequest(null, Object(Config\Cache), false)
11 SYSTEMPATH\Boot.php(417): CodeIgniter\CodeIgniter->run()
12 SYSTEMPATH\Boot.php(68): CodeIgniter\Boot::runCodeIgniter(Object(CodeIgniter\CodeIgniter))
13 FCPATH\index.php(59): CodeIgniter\Boot::bootWeb(Object(Config\Paths))
14 SYSTEMPATH\rewrite.php(44): require_once('C:\\project\\new_perumahan\\public\\index.php')
WARNING - 2026-09-21 09:51:10 --> [DEPRECATED] Passing lowercase HTTP method "post" is deprecated. Use uppercase HTTP method like "POST". in SYSTEMPATH\Router\RouteCollection.php on line 1026.
 1 SYSTEMPATH\Router\RouteCollection.php(1026): trigger_error('Passing lowercase HTTP method "post" is deprecated. Use uppercase HTTP method like "POST".', 16384)
 2 APPPATH\Config\Routes.php(83): CodeIgniter\Router\RouteCollection->match([...], 'connector', 'Admin\\Media::connector')
 3 SYSTEMPATH\Router\RouteCollection.php(799): CodeIgniter\Router\RouteCollection->{closure:{closure:C:\project\new_perumahan\app\Config\Routes.php:45}:79}(Object(CodeIgniter\Router\RouteCollection))
 4 APPPATH\Config\Routes.php(79): CodeIgniter\Router\RouteCollection->group('media', Object(Closure))
 5 SYSTEMPATH\Router\RouteCollection.php(799): CodeIgniter\Router\RouteCollection->{closure:C:\project\new_perumahan\app\Config\Routes.php:45}(Object(CodeIgniter\Router\RouteCollection))
 6 APPPATH\Config\Routes.php(45): CodeIgniter\Router\RouteCollection->group('admin', [...], Object(Closure))
 7 SYSTEMPATH\Router\RouteCollection.php(339): require('C:\\project\\new_perumahan\\app\\Config\\Routes.php')
 8 SYSTEMPATH\CodeIgniter.php(841): CodeIgniter\Router\RouteCollection->loadRoutes()
 9 SYSTEMPATH\CodeIgniter.php(464): CodeIgniter\CodeIgniter->tryToRouteIt(null)
10 SYSTEMPATH\CodeIgniter.php(363): CodeIgniter\CodeIgniter->handleRequest(null, Object(Config\Cache), false)
11 SYSTEMPATH\Boot.php(417): CodeIgniter\CodeIgniter->run()
12 SYSTEMPATH\Boot.php(68): CodeIgniter\Boot::runCodeIgniter(Object(CodeIgniter\CodeIgniter))
13 FCPATH\index.php(59): CodeIgniter\Boot::bootWeb(Object(Config\Paths))
14 SYSTEMPATH\rewrite.php(44): require_once('C:\\project\\new_perumahan\\public\\index.php')
DEBUG - 2026-09-21 09:51:10 --> Session: Class initialized using 'CodeIgniter\Session\Handlers\FileHandler' driver.
WARNING - 2026-09-21 09:51:49 --> [DEPRECATED] Passing lowercase HTTP method "get" is deprecated. Use uppercase HTTP method like "GET". in SYSTEMPATH\Router\RouteCollection.php on line 1026.
 1 SYSTEMPATH\Router\RouteCollection.php(1026): trigger_error('Passing lowercase HTTP method "get" is deprecated. Use uppercase HTTP method like "GET".', 16384)
 2 APPPATH\Config\Routes.php(83): CodeIgniter\Router\RouteCollection->match([...], 'connector', 'Admin\\Media::connector')
 3 SYSTEMPATH\Router\RouteCollection.php(799): CodeIgniter\Router\RouteCollection->{closure:{closure:C:\project\new_perumahan\app\Config\Routes.php:45}:79}(Object(CodeIgniter\Router\RouteCollection))
 4 APPPATH\Config\Routes.php(79): CodeIgniter\Router\RouteCollection->group('media', Object(Closure))
 5 SYSTEMPATH\Router\RouteCollection.php(799): CodeIgniter\Router\RouteCollection->{closure:C:\project\new_perumahan\app\Config\Routes.php:45}(Object(CodeIgniter\Router\RouteCollection))
 6 APPPATH\Config\Routes.php(45): CodeIgniter\Router\RouteCollection->group('admin', [...], Object(Closure))
 7 SYSTEMPATH\Router\RouteCollection.php(339): require('C:\\project\\new_perumahan\\app\\Config\\Routes.php')
 8 SYSTEMPATH\CodeIgniter.php(841): CodeIgniter\Router\RouteCollection->loadRoutes()
 9 SYSTEMPATH\CodeIgniter.php(464): CodeIgniter\CodeIgniter->tryToRouteIt(null)
10 SYSTEMPATH\CodeIgniter.php(363): CodeIgniter\CodeIgniter->handleRequest(null, Object(Config\Cache), false)
11 SYSTEMPATH\Boot.php(417): CodeIgniter\CodeIgniter->run()
12 SYSTEMPATH\Boot.php(68): CodeIgniter\Boot::runCodeIgniter(Object(CodeIgniter\CodeIgniter))
13 FCPATH\index.php(59): CodeIgniter\Boot::bootWeb(Object(Config\Paths))
14 SYSTEMPATH\rewrite.php(44): require_once('C:\\project\\new_perumahan\\public\\index.php')
WARNING - 2026-09-21 09:51:49 --> [DEPRECATED] Passing lowercase HTTP method "post" is deprecated. Use uppercase HTTP method like "POST". in SYSTEMPATH\Router\RouteCollection.php on line 1026.
 1 SYSTEMPATH\Router\RouteCollection.php(1026): trigger_error('Passing lowercase HTTP method "post" is deprecated. Use uppercase HTTP method like "POST".', 16384)
 2 APPPATH\Config\Routes.php(83): CodeIgniter\Router\RouteCollection->match([...], 'connector', 'Admin\\Media::connector')
 3 SYSTEMPATH\Router\RouteCollection.php(799): CodeIgniter\Router\RouteCollection->{closure:{closure:C:\project\new_perumahan\app\Config\Routes.php:45}:79}(Object(CodeIgniter\Router\RouteCollection))
 4 APPPATH\Config\Routes.php(79): CodeIgniter\Router\RouteCollection->group('media', Object(Closure))
 5 SYSTEMPATH\Router\RouteCollection.php(799): CodeIgniter\Router\RouteCollection->{closure:C:\project\new_perumahan\app\Config\Routes.php:45}(Object(CodeIgniter\Router\RouteCollection))
 6 APPPATH\Config\Routes.php(45): CodeIgniter\Router\RouteCollection->group('admin', [...], Object(Closure))
 7 SYSTEMPATH\Router\RouteCollection.php(339): require('C:\\project\\new_perumahan\\app\\Config\\Routes.php')
 8 SYSTEMPATH\CodeIgniter.php(841): CodeIgniter\Router\RouteCollection->loadRoutes()
 9 SYSTEMPATH\CodeIgniter.php(464): CodeIgniter\CodeIgniter->tryToRouteIt(null)
10 SYSTEMPATH\CodeIgniter.php(363): CodeIgniter\CodeIgniter->handleRequest(null, Object(Config\Cache), false)
11 SYSTEMPATH\Boot.php(417): CodeIgniter\CodeIgniter->run()
12 SYSTEMPATH\Boot.php(68): CodeIgniter\Boot::runCodeIgniter(Object(CodeIgniter\CodeIgniter))
13 FCPATH\index.php(59): CodeIgniter\Boot::bootWeb(Object(Config\Paths))
14 SYSTEMPATH\rewrite.php(44): require_once('C:\\project\\new_perumahan\\public\\index.php')
DEBUG - 2026-09-21 09:51:49 --> Session: Class initialized using 'CodeIgniter\Session\Handlers\FileHandler' driver.
WARNING - 2026-09-21 09:51:51 --> [DEPRECATED] Passing lowercase HTTP method "get" is deprecated. Use uppercase HTTP method like "GET". in SYSTEMPATH\Router\RouteCollection.php on line 1026.
 1 SYSTEMPATH\Router\RouteCollection.php(1026): trigger_error('Passing lowercase HTTP method "get" is deprecated. Use uppercase HTTP method like "GET".', 16384)
 2 APPPATH\Config\Routes.php(83): CodeIgniter\Router\RouteCollection->match([...], 'connector', 'Admin\\Media::connector')
 3 SYSTEMPATH\Router\RouteCollection.php(799): CodeIgniter\Router\RouteCollection->{closure:{closure:C:\project\new_perumahan\app\Config\Routes.php:45}:79}(Object(CodeIgniter\Router\RouteCollection))
 4 APPPATH\Config\Routes.php(79): CodeIgniter\Router\RouteCollection->group('media', Object(Closure))
 5 SYSTEMPATH\Router\RouteCollection.php(799): CodeIgniter\Router\RouteCollection->{closure:C:\project\new_perumahan\app\Config\Routes.php:45}(Object(CodeIgniter\Router\RouteCollection))
 6 APPPATH\Config\Routes.php(45): CodeIgniter\Router\RouteCollection->group('admin', [...], Object(Closure))
 7 SYSTEMPATH\Router\RouteCollection.php(339): require('C:\\project\\new_perumahan\\app\\Config\\Routes.php')
 8 SYSTEMPATH\CodeIgniter.php(841): CodeIgniter\Router\RouteCollection->loadRoutes()
 9 SYSTEMPATH\CodeIgniter.php(464): CodeIgniter\CodeIgniter->tryToRouteIt(null)
10 SYSTEMPATH\CodeIgniter.php(363): CodeIgniter\CodeIgniter->handleRequest(null, Object(Config\Cache), false)
11 SYSTEMPATH\Boot.php(417): CodeIgniter\CodeIgniter->run()
12 SYSTEMPATH\Boot.php(68): CodeIgniter\Boot::runCodeIgniter(Object(CodeIgniter\CodeIgniter))
13 FCPATH\index.php(59): CodeIgniter\Boot::bootWeb(Object(Config\Paths))
14 SYSTEMPATH\rewrite.php(44): require_once('C:\\project\\new_perumahan\\public\\index.php')
WARNING - 2026-09-21 09:51:51 --> [DEPRECATED] Passing lowercase HTTP method "post" is deprecated. Use uppercase HTTP method like "POST". in SYSTEMPATH\Router\RouteCollection.php on line 1026.
 1 SYSTEMPATH\Router\RouteCollection.php(1026): trigger_error('Passing lowercase HTTP method "post" is deprecated. Use uppercase HTTP method like "POST".', 16384)
 2 APPPATH\Config\Routes.php(83): CodeIgniter\Router\RouteCollection->match([...], 'connector', 'Admin\\Media::connector')
 3 SYSTEMPATH\Router\RouteCollection.php(799): CodeIgniter\Router\RouteCollection->{closure:{closure:C:\project\new_perumahan\app\Config\Routes.php:45}:79}(Object(CodeIgniter\Router\RouteCollection))
 4 APPPATH\Config\Routes.php(79): CodeIgniter\Router\RouteCollection->group('media', Object(Closure))
 5 SYSTEMPATH\Router\RouteCollection.php(799): CodeIgniter\Router\RouteCollection->{closure:C:\project\new_perumahan\app\Config\Routes.php:45}(Object(CodeIgniter\Router\RouteCollection))
 6 APPPATH\Config\Routes.php(45): CodeIgniter\Router\RouteCollection->group('admin', [...], Object(Closure))
 7 SYSTEMPATH\Router\RouteCollection.php(339): require('C:\\project\\new_perumahan\\app\\Config\\Routes.php')
 8 SYSTEMPATH\CodeIgniter.php(841): CodeIgniter\Router\RouteCollection->loadRoutes()
 9 SYSTEMPATH\CodeIgniter.php(464): CodeIgniter\CodeIgniter->tryToRouteIt(null)
10 SYSTEMPATH\CodeIgniter.php(363): CodeIgniter\CodeIgniter->handleRequest(null, Object(Config\Cache), false)
11 SYSTEMPATH\Boot.php(417): CodeIgniter\CodeIgniter->run()
12 SYSTEMPATH\Boot.php(68): CodeIgniter\Boot::runCodeIgniter(Object(CodeIgniter\CodeIgniter))
13 FCPATH\index.php(59): CodeIgniter\Boot::bootWeb(Object(Config\Paths))
14 SYSTEMPATH\rewrite.php(44): require_once('C:\\project\\new_perumahan\\public\\index.php')
DEBUG - 2026-09-21 09:51:51 --> Session: Class initialized using 'CodeIgniter\Session\Handlers\FileHandler' driver.
WARNING - 2026-09-21 09:51:56 --> [DEPRECATED] Passing lowercase HTTP method "get" is deprecated. Use uppercase HTTP method like "GET". in SYSTEMPATH\Router\RouteCollection.php on line 1026.
 1 SYSTEMPATH\Router\RouteCollection.php(1026): trigger_error('Passing lowercase HTTP method "get" is deprecated. Use uppercase HTTP method like "GET".', 16384)
 2 APPPATH\Config\Routes.php(83): CodeIgniter\Router\RouteCollection->match([...], 'connector', 'Admin\\Media::connector')
 3 SYSTEMPATH\Router\RouteCollection.php(799): CodeIgniter\Router\RouteCollection->{closure:{closure:C:\project\new_perumahan\app\Config\Routes.php:45}:79}(Object(CodeIgniter\Router\RouteCollection))
 4 APPPATH\Config\Routes.php(79): CodeIgniter\Router\RouteCollection->group('media', Object(Closure))
 5 SYSTEMPATH\Router\RouteCollection.php(799): CodeIgniter\Router\RouteCollection->{closure:C:\project\new_perumahan\app\Config\Routes.php:45}(Object(CodeIgniter\Router\RouteCollection))
 6 APPPATH\Config\Routes.php(45): CodeIgniter\Router\RouteCollection->group('admin', [...], Object(Closure))
 7 SYSTEMPATH\Router\RouteCollection.php(339): require('C:\\project\\new_perumahan\\app\\Config\\Routes.php')
 8 SYSTEMPATH\CodeIgniter.php(841): CodeIgniter\Router\RouteCollection->loadRoutes()
 9 SYSTEMPATH\CodeIgniter.php(464): CodeIgniter\CodeIgniter->tryToRouteIt(null)
10 SYSTEMPATH\CodeIgniter.php(363): CodeIgniter\CodeIgniter->handleRequest(null, Object(Config\Cache), false)
11 SYSTEMPATH\Boot.php(417): CodeIgniter\CodeIgniter->run()
12 SYSTEMPATH\Boot.php(68): CodeIgniter\Boot::runCodeIgniter(Object(CodeIgniter\CodeIgniter))
13 FCPATH\index.php(59): CodeIgniter\Boot::bootWeb(Object(Config\Paths))
14 SYSTEMPATH\rewrite.php(44): require_once('C:\\project\\new_perumahan\\public\\index.php')
WARNING - 2026-09-21 09:51:56 --> [DEPRECATED] Passing lowercase HTTP method "post" is deprecated. Use uppercase HTTP method like "POST". in SYSTEMPATH\Router\RouteCollection.php on line 1026.
 1 SYSTEMPATH\Router\RouteCollection.php(1026): trigger_error('Passing lowercase HTTP method "post" is deprecated. Use uppercase HTTP method like "POST".', 16384)
 2 APPPATH\Config\Routes.php(83): CodeIgniter\Router\RouteCollection->match([...], 'connector', 'Admin\\Media::connector')
 3 SYSTEMPATH\Router\RouteCollection.php(799): CodeIgniter\Router\RouteCollection->{closure:{closure:C:\project\new_perumahan\app\Config\Routes.php:45}:79}(Object(CodeIgniter\Router\RouteCollection))
 4 APPPATH\Config\Routes.php(79): CodeIgniter\Router\RouteCollection->group('media', Object(Closure))
 5 SYSTEMPATH\Router\RouteCollection.php(799): CodeIgniter\Router\RouteCollection->{closure:C:\project\new_perumahan\app\Config\Routes.php:45}(Object(CodeIgniter\Router\RouteCollection))
 6 APPPATH\Config\Routes.php(45): CodeIgniter\Router\RouteCollection->group('admin', [...], Object(Closure))
 7 SYSTEMPATH\Router\RouteCollection.php(339): require('C:\\project\\new_perumahan\\app\\Config\\Routes.php')
 8 SYSTEMPATH\CodeIgniter.php(841): CodeIgniter\Router\RouteCollection->loadRoutes()
 9 SYSTEMPATH\CodeIgniter.php(464): CodeIgniter\CodeIgniter->tryToRouteIt(null)
10 SYSTEMPATH\CodeIgniter.php(363): CodeIgniter\CodeIgniter->handleRequest(null, Object(Config\Cache), false)
11 SYSTEMPATH\Boot.php(417): CodeIgniter\CodeIgniter->run()
12 SYSTEMPATH\Boot.php(68): CodeIgniter\Boot::runCodeIgniter(Object(CodeIgniter\CodeIgniter))
13 FCPATH\index.php(59): CodeIgniter\Boot::bootWeb(Object(Config\Paths))
14 SYSTEMPATH\rewrite.php(44): require_once('C:\\project\\new_perumahan\\public\\index.php')
DEBUG - 2026-09-21 09:51:56 --> Session: Class initialized using 'CodeIgniter\Session\Handlers\FileHandler' driver.
WARNING - 2026-09-21 09:52:12 --> [DEPRECATED] Passing lowercase HTTP method "get" is deprecated. Use uppercase HTTP method like "GET". in SYSTEMPATH\Router\RouteCollection.php on line 1026.
 1 SYSTEMPATH\Router\RouteCollection.php(1026): trigger_error('Passing lowercase HTTP method "get" is deprecated. Use uppercase HTTP method like "GET".', 16384)
 2 APPPATH\Config\Routes.php(83): CodeIgniter\Router\RouteCollection->match([...], 'connector', 'Admin\\Media::connector')
 3 SYSTEMPATH\Router\RouteCollection.php(799): CodeIgniter\Router\RouteCollection->{closure:{closure:C:\project\new_perumahan\app\Config\Routes.php:45}:79}(Object(CodeIgniter\Router\RouteCollection))
 4 APPPATH\Config\Routes.php(79): CodeIgniter\Router\RouteCollection->group('media', Object(Closure))
 5 SYSTEMPATH\Router\RouteCollection.php(799): CodeIgniter\Router\RouteCollection->{closure:C:\project\new_perumahan\app\Config\Routes.php:45}(Object(CodeIgniter\Router\RouteCollection))
 6 APPPATH\Config\Routes.php(45): CodeIgniter\Router\RouteCollection->group('admin', [...], Object(Closure))
 7 SYSTEMPATH\Router\RouteCollection.php(339): require('C:\\project\\new_perumahan\\app\\Config\\Routes.php')
 8 SYSTEMPATH\CodeIgniter.php(841): CodeIgniter\Router\RouteCollection->loadRoutes()
 9 SYSTEMPATH\CodeIgniter.php(464): CodeIgniter\CodeIgniter->tryToRouteIt(null)
10 SYSTEMPATH\CodeIgniter.php(363): CodeIgniter\CodeIgniter->handleRequest(null, Object(Config\Cache), false)
11 SYSTEMPATH\Boot.php(417): CodeIgniter\CodeIgniter->run()
12 SYSTEMPATH\Boot.php(68): CodeIgniter\Boot::runCodeIgniter(Object(CodeIgniter\CodeIgniter))
13 FCPATH\index.php(59): CodeIgniter\Boot::bootWeb(Object(Config\Paths))
14 SYSTEMPATH\rewrite.php(44): require_once('C:\\project\\new_perumahan\\public\\index.php')
WARNING - 2026-09-21 09:52:12 --> [DEPRECATED] Passing lowercase HTTP method "post" is deprecated. Use uppercase HTTP method like "POST". in SYSTEMPATH\Router\RouteCollection.php on line 1026.
 1 SYSTEMPATH\Router\RouteCollection.php(1026): trigger_error('Passing lowercase HTTP method "post" is deprecated. Use uppercase HTTP method like "POST".', 16384)
 2 APPPATH\Config\Routes.php(83): CodeIgniter\Router\RouteCollection->match([...], 'connector', 'Admin\\Media::connector')
 3 SYSTEMPATH\Router\RouteCollection.php(799): CodeIgniter\Router\RouteCollection->{closure:{closure:C:\project\new_perumahan\app\Config\Routes.php:45}:79}(Object(CodeIgniter\Router\RouteCollection))
 4 APPPATH\Config\Routes.php(79): CodeIgniter\Router\RouteCollection->group('media', Object(Closure))
 5 SYSTEMPATH\Router\RouteCollection.php(799): CodeIgniter\Router\RouteCollection->{closure:C:\project\new_perumahan\app\Config\Routes.php:45}(Object(CodeIgniter\Router\RouteCollection))
 6 APPPATH\Config\Routes.php(45): CodeIgniter\Router\RouteCollection->group('admin', [...], Object(Closure))
 7 SYSTEMPATH\Router\RouteCollection.php(339): require('C:\\project\\new_perumahan\\app\\Config\\Routes.php')
 8 SYSTEMPATH\CodeIgniter.php(841): CodeIgniter\Router\RouteCollection->loadRoutes()
 9 SYSTEMPATH\CodeIgniter.php(464): CodeIgniter\CodeIgniter->tryToRouteIt(null)
10 SYSTEMPATH\CodeIgniter.php(363): CodeIgniter\CodeIgniter->handleRequest(null, Object(Config\Cache), false)
11 SYSTEMPATH\Boot.php(417): CodeIgniter\CodeIgniter->run()
12 SYSTEMPATH\Boot.php(68): CodeIgniter\Boot::runCodeIgniter(Object(CodeIgniter\CodeIgniter))
13 FCPATH\index.php(59): CodeIgniter\Boot::bootWeb(Object(Config\Paths))
14 SYSTEMPATH\rewrite.php(44): require_once('C:\\project\\new_perumahan\\public\\index.php')
DEBUG - 2026-09-21 09:52:12 --> Session: Class initialized using 'CodeIgniter\Session\Handlers\FileHandler' driver.
WARNING - 2026-09-21 09:52:23 --> [DEPRECATED] Passing lowercase HTTP method "get" is deprecated. Use uppercase HTTP method like "GET". in SYSTEMPATH\Router\RouteCollection.php on line 1026.
 1 SYSTEMPATH\Router\RouteCollection.php(1026): trigger_error('Passing lowercase HTTP method "get" is deprecated. Use uppercase HTTP method like "GET".', 16384)
 2 APPPATH\Config\Routes.php(83): CodeIgniter\Router\RouteCollection->match([...], 'connector', 'Admin\\Media::connector')
 3 SYSTEMPATH\Router\RouteCollection.php(799): CodeIgniter\Router\RouteCollection->{closure:{closure:C:\project\new_perumahan\app\Config\Routes.php:45}:79}(Object(CodeIgniter\Router\RouteCollection))
 4 APPPATH\Config\Routes.php(79): CodeIgniter\Router\RouteCollection->group('media', Object(Closure))
 5 SYSTEMPATH\Router\RouteCollection.php(799): CodeIgniter\Router\RouteCollection->{closure:C:\project\new_perumahan\app\Config\Routes.php:45}(Object(CodeIgniter\Router\RouteCollection))
 6 APPPATH\Config\Routes.php(45): CodeIgniter\Router\RouteCollection->group('admin', [...], Object(Closure))
 7 SYSTEMPATH\Router\RouteCollection.php(339): require('C:\\project\\new_perumahan\\app\\Config\\Routes.php')
 8 SYSTEMPATH\CodeIgniter.php(841): CodeIgniter\Router\RouteCollection->loadRoutes()
 9 SYSTEMPATH\CodeIgniter.php(464): CodeIgniter\CodeIgniter->tryToRouteIt(null)
10 SYSTEMPATH\CodeIgniter.php(363): CodeIgniter\CodeIgniter->handleRequest(null, Object(Config\Cache), false)
11 SYSTEMPATH\Boot.php(417): CodeIgniter\CodeIgniter->run()
12 SYSTEMPATH\Boot.php(68): CodeIgniter\Boot::runCodeIgniter(Object(CodeIgniter\CodeIgniter))
13 FCPATH\index.php(59): CodeIgniter\Boot::bootWeb(Object(Config\Paths))
14 SYSTEMPATH\rewrite.php(44): require_once('C:\\project\\new_perumahan\\public\\index.php')
WARNING - 2026-09-21 09:52:23 --> [DEPRECATED] Passing lowercase HTTP method "post" is deprecated. Use uppercase HTTP method like "POST". in SYSTEMPATH\Router\RouteCollection.php on line 1026.
 1 SYSTEMPATH\Router\RouteCollection.php(1026): trigger_error('Passing lowercase HTTP method "post" is deprecated. Use uppercase HTTP method like "POST".', 16384)
 2 APPPATH\Config\Routes.php(83): CodeIgniter\Router\RouteCollection->match([...], 'connector', 'Admin\\Media::connector')
 3 SYSTEMPATH\Router\RouteCollection.php(799): CodeIgniter\Router\RouteCollection->{closure:{closure:C:\project\new_perumahan\app\Config\Routes.php:45}:79}(Object(CodeIgniter\Router\RouteCollection))
 4 APPPATH\Config\Routes.php(79): CodeIgniter\Router\RouteCollection->group('media', Object(Closure))
 5 SYSTEMPATH\Router\RouteCollection.php(799): CodeIgniter\Router\RouteCollection->{closure:C:\project\new_perumahan\app\Config\Routes.php:45}(Object(CodeIgniter\Router\RouteCollection))
 6 APPPATH\Config\Routes.php(45): CodeIgniter\Router\RouteCollection->group('admin', [...], Object(Closure))
 7 SYSTEMPATH\Router\RouteCollection.php(339): require('C:\\project\\new_perumahan\\app\\Config\\Routes.php')
 8 SYSTEMPATH\CodeIgniter.php(841): CodeIgniter\Router\RouteCollection->loadRoutes()
 9 SYSTEMPATH\CodeIgniter.php(464): CodeIgniter\CodeIgniter->tryToRouteIt(null)
10 SYSTEMPATH\CodeIgniter.php(363): CodeIgniter\CodeIgniter->handleRequest(null, Object(Config\Cache), false)
11 SYSTEMPATH\Boot.php(417): CodeIgniter\CodeIgniter->run()
12 SYSTEMPATH\Boot.php(68): CodeIgniter\Boot::runCodeIgniter(Object(CodeIgniter\CodeIgniter))
13 FCPATH\index.php(59): CodeIgniter\Boot::bootWeb(Object(Config\Paths))
14 SYSTEMPATH\rewrite.php(44): require_once('C:\\project\\new_perumahan\\public\\index.php')
DEBUG - 2026-09-21 09:52:23 --> Session: Class initialized using 'CodeIgniter\Session\Handlers\FileHandler' driver.
WARNING - 2026-09-21 09:52:27 --> [DEPRECATED] Passing lowercase HTTP method "get" is deprecated. Use uppercase HTTP method like "GET". in SYSTEMPATH\Router\RouteCollection.php on line 1026.
 1 SYSTEMPATH\Router\RouteCollection.php(1026): trigger_error('Passing lowercase HTTP method "get" is deprecated. Use uppercase HTTP method like "GET".', 16384)
 2 APPPATH\Config\Routes.php(83): CodeIgniter\Router\RouteCollection->match([...], 'connector', 'Admin\\Media::connector')
 3 SYSTEMPATH\Router\RouteCollection.php(799): CodeIgniter\Router\RouteCollection->{closure:{closure:C:\project\new_perumahan\app\Config\Routes.php:45}:79}(Object(CodeIgniter\Router\RouteCollection))
 4 APPPATH\Config\Routes.php(79): CodeIgniter\Router\RouteCollection->group('media', Object(Closure))
 5 SYSTEMPATH\Router\RouteCollection.php(799): CodeIgniter\Router\RouteCollection->{closure:C:\project\new_perumahan\app\Config\Routes.php:45}(Object(CodeIgniter\Router\RouteCollection))
 6 APPPATH\Config\Routes.php(45): CodeIgniter\Router\RouteCollection->group('admin', [...], Object(Closure))
 7 SYSTEMPATH\Router\RouteCollection.php(339): require('C:\\project\\new_perumahan\\app\\Config\\Routes.php')
 8 SYSTEMPATH\CodeIgniter.php(841): CodeIgniter\Router\RouteCollection->loadRoutes()
 9 SYSTEMPATH\CodeIgniter.php(464): CodeIgniter\CodeIgniter->tryToRouteIt(null)
10 SYSTEMPATH\CodeIgniter.php(363): CodeIgniter\CodeIgniter->handleRequest(null, Object(Config\Cache), false)
11 SYSTEMPATH\Boot.php(417): CodeIgniter\CodeIgniter->run()
12 SYSTEMPATH\Boot.php(68): CodeIgniter\Boot::runCodeIgniter(Object(CodeIgniter\CodeIgniter))
13 FCPATH\index.php(59): CodeIgniter\Boot::bootWeb(Object(Config\Paths))
14 SYSTEMPATH\rewrite.php(44): require_once('C:\\project\\new_perumahan\\public\\index.php')
WARNING - 2026-09-21 09:52:27 --> [DEPRECATED] Passing lowercase HTTP method "post" is deprecated. Use uppercase HTTP method like "POST". in SYSTEMPATH\Router\RouteCollection.php on line 1026.
 1 SYSTEMPATH\Router\RouteCollection.php(1026): trigger_error('Passing lowercase HTTP method "post" is deprecated. Use uppercase HTTP method like "POST".', 16384)
 2 APPPATH\Config\Routes.php(83): CodeIgniter\Router\RouteCollection->match([...], 'connector', 'Admin\\Media::connector')
 3 SYSTEMPATH\Router\RouteCollection.php(799): CodeIgniter\Router\RouteCollection->{closure:{closure:C:\project\new_perumahan\app\Config\Routes.php:45}:79}(Object(CodeIgniter\Router\RouteCollection))
 4 APPPATH\Config\Routes.php(79): CodeIgniter\Router\RouteCollection->group('media', Object(Closure))
 5 SYSTEMPATH\Router\RouteCollection.php(799): CodeIgniter\Router\RouteCollection->{closure:C:\project\new_perumahan\app\Config\Routes.php:45}(Object(CodeIgniter\Router\RouteCollection))
 6 APPPATH\Config\Routes.php(45): CodeIgniter\Router\RouteCollection->group('admin', [...], Object(Closure))
 7 SYSTEMPATH\Router\RouteCollection.php(339): require('C:\\project\\new_perumahan\\app\\Config\\Routes.php')
 8 SYSTEMPATH\CodeIgniter.php(841): CodeIgniter\Router\RouteCollection->loadRoutes()
 9 SYSTEMPATH\CodeIgniter.php(464): CodeIgniter\CodeIgniter->tryToRouteIt(null)
10 SYSTEMPATH\CodeIgniter.php(363): CodeIgniter\CodeIgniter->handleRequest(null, Object(Config\Cache), false)
11 SYSTEMPATH\Boot.php(417): CodeIgniter\CodeIgniter->run()
12 SYSTEMPATH\Boot.php(68): CodeIgniter\Boot::runCodeIgniter(Object(CodeIgniter\CodeIgniter))
13 FCPATH\index.php(59): CodeIgniter\Boot::bootWeb(Object(Config\Paths))
14 SYSTEMPATH\rewrite.php(44): require_once('C:\\project\\new_perumahan\\public\\index.php')
DEBUG - 2026-09-21 09:52:27 --> Session: Class initialized using 'CodeIgniter\Session\Handlers\FileHandler' driver.
WARNING - 2026-09-21 09:52:27 --> [DEPRECATED] Passing lowercase HTTP method "get" is deprecated. Use uppercase HTTP method like "GET". in SYSTEMPATH\Router\RouteCollection.php on line 1026.
 1 SYSTEMPATH\Router\RouteCollection.php(1026): trigger_error('Passing lowercase HTTP method "get" is deprecated. Use uppercase HTTP method like "GET".', 16384)
 2 APPPATH\Config\Routes.php(83): CodeIgniter\Router\RouteCollection->match([...], 'connector', 'Admin\\Media::connector')
 3 SYSTEMPATH\Router\RouteCollection.php(799): CodeIgniter\Router\RouteCollection->{closure:{closure:C:\project\new_perumahan\app\Config\Routes.php:45}:79}(Object(CodeIgniter\Router\RouteCollection))
 4 APPPATH\Config\Routes.php(79): CodeIgniter\Router\RouteCollection->group('media', Object(Closure))
 5 SYSTEMPATH\Router\RouteCollection.php(799): CodeIgniter\Router\RouteCollection->{closure:C:\project\new_perumahan\app\Config\Routes.php:45}(Object(CodeIgniter\Router\RouteCollection))
 6 APPPATH\Config\Routes.php(45): CodeIgniter\Router\RouteCollection->group('admin', [...], Object(Closure))
 7 SYSTEMPATH\Router\RouteCollection.php(339): require('C:\\project\\new_perumahan\\app\\Config\\Routes.php')
 8 SYSTEMPATH\CodeIgniter.php(841): CodeIgniter\Router\RouteCollection->loadRoutes()
 9 SYSTEMPATH\CodeIgniter.php(464): CodeIgniter\CodeIgniter->tryToRouteIt(null)
10 SYSTEMPATH\CodeIgniter.php(363): CodeIgniter\CodeIgniter->handleRequest(null, Object(Config\Cache), false)
11 SYSTEMPATH\Boot.php(417): CodeIgniter\CodeIgniter->run()
12 SYSTEMPATH\Boot.php(68): CodeIgniter\Boot::runCodeIgniter(Object(CodeIgniter\CodeIgniter))
13 FCPATH\index.php(59): CodeIgniter\Boot::bootWeb(Object(Config\Paths))
14 SYSTEMPATH\rewrite.php(44): require_once('C:\\project\\new_perumahan\\public\\index.php')
WARNING - 2026-09-21 09:52:27 --> [DEPRECATED] Passing lowercase HTTP method "post" is deprecated. Use uppercase HTTP method like "POST". in SYSTEMPATH\Router\RouteCollection.php on line 1026.
 1 SYSTEMPATH\Router\RouteCollection.php(1026): trigger_error('Passing lowercase HTTP method "post" is deprecated. Use uppercase HTTP method like "POST".', 16384)
 2 APPPATH\Config\Routes.php(83): CodeIgniter\Router\RouteCollection->match([...], 'connector', 'Admin\\Media::connector')
 3 SYSTEMPATH\Router\RouteCollection.php(799): CodeIgniter\Router\RouteCollection->{closure:{closure:C:\project\new_perumahan\app\Config\Routes.php:45}:79}(Object(CodeIgniter\Router\RouteCollection))
 4 APPPATH\Config\Routes.php(79): CodeIgniter\Router\RouteCollection->group('media', Object(Closure))
 5 SYSTEMPATH\Router\RouteCollection.php(799): CodeIgniter\Router\RouteCollection->{closure:C:\project\new_perumahan\app\Config\Routes.php:45}(Object(CodeIgniter\Router\RouteCollection))
 6 APPPATH\Config\Routes.php(45): CodeIgniter\Router\RouteCollection->group('admin', [...], Object(Closure))
 7 SYSTEMPATH\Router\RouteCollection.php(339): require('C:\\project\\new_perumahan\\app\\Config\\Routes.php')
 8 SYSTEMPATH\CodeIgniter.php(841): CodeIgniter\Router\RouteCollection->loadRoutes()
 9 SYSTEMPATH\CodeIgniter.php(464): CodeIgniter\CodeIgniter->tryToRouteIt(null)
10 SYSTEMPATH\CodeIgniter.php(363): CodeIgniter\CodeIgniter->handleRequest(null, Object(Config\Cache), false)
11 SYSTEMPATH\Boot.php(417): CodeIgniter\CodeIgniter->run()
12 SYSTEMPATH\Boot.php(68): CodeIgniter\Boot::runCodeIgniter(Object(CodeIgniter\CodeIgniter))
13 FCPATH\index.php(59): CodeIgniter\Boot::bootWeb(Object(Config\Paths))
14 SYSTEMPATH\rewrite.php(44): require_once('C:\\project\\new_perumahan\\public\\index.php')
DEBUG - 2026-09-21 09:52:27 --> Session: Class initialized using 'CodeIgniter\Session\Handlers\FileHandler' driver.
WARNING - 2026-09-21 09:52:35 --> [DEPRECATED] Passing lowercase HTTP method "get" is deprecated. Use uppercase HTTP method like "GET". in SYSTEMPATH\Router\RouteCollection.php on line 1026.
 1 SYSTEMPATH\Router\RouteCollection.php(1026): trigger_error('Passing lowercase HTTP method "get" is deprecated. Use uppercase HTTP method like "GET".', 16384)
 2 APPPATH\Config\Routes.php(83): CodeIgniter\Router\RouteCollection->match([...], 'connector', 'Admin\\Media::connector')
 3 SYSTEMPATH\Router\RouteCollection.php(799): CodeIgniter\Router\RouteCollection->{closure:{closure:C:\project\new_perumahan\app\Config\Routes.php:45}:79}(Object(CodeIgniter\Router\RouteCollection))
 4 APPPATH\Config\Routes.php(79): CodeIgniter\Router\RouteCollection->group('media', Object(Closure))
 5 SYSTEMPATH\Router\RouteCollection.php(799): CodeIgniter\Router\RouteCollection->{closure:C:\project\new_perumahan\app\Config\Routes.php:45}(Object(CodeIgniter\Router\RouteCollection))
 6 APPPATH\Config\Routes.php(45): CodeIgniter\Router\RouteCollection->group('admin', [...], Object(Closure))
 7 SYSTEMPATH\Router\RouteCollection.php(339): require('C:\\project\\new_perumahan\\app\\Config\\Routes.php')
 8 SYSTEMPATH\CodeIgniter.php(841): CodeIgniter\Router\RouteCollection->loadRoutes()
 9 SYSTEMPATH\CodeIgniter.php(464): CodeIgniter\CodeIgniter->tryToRouteIt(null)
10 SYSTEMPATH\CodeIgniter.php(363): CodeIgniter\CodeIgniter->handleRequest(null, Object(Config\Cache), false)
11 SYSTEMPATH\Boot.php(417): CodeIgniter\CodeIgniter->run()
12 SYSTEMPATH\Boot.php(68): CodeIgniter\Boot::runCodeIgniter(Object(CodeIgniter\CodeIgniter))
13 FCPATH\index.php(59): CodeIgniter\Boot::bootWeb(Object(Config\Paths))
14 SYSTEMPATH\rewrite.php(44): require_once('C:\\project\\new_perumahan\\public\\index.php')
WARNING - 2026-09-21 09:52:35 --> [DEPRECATED] Passing lowercase HTTP method "post" is deprecated. Use uppercase HTTP method like "POST". in SYSTEMPATH\Router\RouteCollection.php on line 1026.
 1 SYSTEMPATH\Router\RouteCollection.php(1026): trigger_error('Passing lowercase HTTP method "post" is deprecated. Use uppercase HTTP method like "POST".', 16384)
 2 APPPATH\Config\Routes.php(83): CodeIgniter\Router\RouteCollection->match([...], 'connector', 'Admin\\Media::connector')
 3 SYSTEMPATH\Router\RouteCollection.php(799): CodeIgniter\Router\RouteCollection->{closure:{closure:C:\project\new_perumahan\app\Config\Routes.php:45}:79}(Object(CodeIgniter\Router\RouteCollection))
 4 APPPATH\Config\Routes.php(79): CodeIgniter\Router\RouteCollection->group('media', Object(Closure))
 5 SYSTEMPATH\Router\RouteCollection.php(799): CodeIgniter\Router\RouteCollection->{closure:C:\project\new_perumahan\app\Config\Routes.php:45}(Object(CodeIgniter\Router\RouteCollection))
 6 APPPATH\Config\Routes.php(45): CodeIgniter\Router\RouteCollection->group('admin', [...], Object(Closure))
 7 SYSTEMPATH\Router\RouteCollection.php(339): require('C:\\project\\new_perumahan\\app\\Config\\Routes.php')
 8 SYSTEMPATH\CodeIgniter.php(841): CodeIgniter\Router\RouteCollection->loadRoutes()
 9 SYSTEMPATH\CodeIgniter.php(464): CodeIgniter\CodeIgniter->tryToRouteIt(null)
10 SYSTEMPATH\CodeIgniter.php(363): CodeIgniter\CodeIgniter->handleRequest(null, Object(Config\Cache), false)
11 SYSTEMPATH\Boot.php(417): CodeIgniter\CodeIgniter->run()
12 SYSTEMPATH\Boot.php(68): CodeIgniter\Boot::runCodeIgniter(Object(CodeIgniter\CodeIgniter))
13 FCPATH\index.php(59): CodeIgniter\Boot::bootWeb(Object(Config\Paths))
14 SYSTEMPATH\rewrite.php(44): require_once('C:\\project\\new_perumahan\\public\\index.php')
DEBUG - 2026-09-21 09:52:35 --> Session: Class initialized using 'CodeIgniter\Session\Handlers\FileHandler' driver.
WARNING - 2026-09-21 09:52:42 --> [DEPRECATED] Passing lowercase HTTP method "get" is deprecated. Use uppercase HTTP method like "GET". in SYSTEMPATH\Router\RouteCollection.php on line 1026.
 1 SYSTEMPATH\Router\RouteCollection.php(1026): trigger_error('Passing lowercase HTTP method "get" is deprecated. Use uppercase HTTP method like "GET".', 16384)
 2 APPPATH\Config\Routes.php(83): CodeIgniter\Router\RouteCollection->match([...], 'connector', 'Admin\\Media::connector')
 3 SYSTEMPATH\Router\RouteCollection.php(799): CodeIgniter\Router\RouteCollection->{closure:{closure:C:\project\new_perumahan\app\Config\Routes.php:45}:79}(Object(CodeIgniter\Router\RouteCollection))
 4 APPPATH\Config\Routes.php(79): CodeIgniter\Router\RouteCollection->group('media', Object(Closure))
 5 SYSTEMPATH\Router\RouteCollection.php(799): CodeIgniter\Router\RouteCollection->{closure:C:\project\new_perumahan\app\Config\Routes.php:45}(Object(CodeIgniter\Router\RouteCollection))
 6 APPPATH\Config\Routes.php(45): CodeIgniter\Router\RouteCollection->group('admin', [...], Object(Closure))
 7 SYSTEMPATH\Router\RouteCollection.php(339): require('C:\\project\\new_perumahan\\app\\Config\\Routes.php')
 8 SYSTEMPATH\CodeIgniter.php(841): CodeIgniter\Router\RouteCollection->loadRoutes()
 9 SYSTEMPATH\CodeIgniter.php(464): CodeIgniter\CodeIgniter->tryToRouteIt(null)
10 SYSTEMPATH\CodeIgniter.php(363): CodeIgniter\CodeIgniter->handleRequest(null, Object(Config\Cache), false)
11 SYSTEMPATH\Boot.php(417): CodeIgniter\CodeIgniter->run()
12 SYSTEMPATH\Boot.php(68): CodeIgniter\Boot::runCodeIgniter(Object(CodeIgniter\CodeIgniter))
13 FCPATH\index.php(59): CodeIgniter\Boot::bootWeb(Object(Config\Paths))
14 SYSTEMPATH\rewrite.php(44): require_once('C:\\project\\new_perumahan\\public\\index.php')
WARNING - 2026-09-21 09:52:42 --> [DEPRECATED] Passing lowercase HTTP method "post" is deprecated. Use uppercase HTTP method like "POST". in SYSTEMPATH\Router\RouteCollection.php on line 1026.
 1 SYSTEMPATH\Router\RouteCollection.php(1026): trigger_error('Passing lowercase HTTP method "post" is deprecated. Use uppercase HTTP method like "POST".', 16384)
 2 APPPATH\Config\Routes.php(83): CodeIgniter\Router\RouteCollection->match([...], 'connector', 'Admin\\Media::connector')
 3 SYSTEMPATH\Router\RouteCollection.php(799): CodeIgniter\Router\RouteCollection->{closure:{closure:C:\project\new_perumahan\app\Config\Routes.php:45}:79}(Object(CodeIgniter\Router\RouteCollection))
 4 APPPATH\Config\Routes.php(79): CodeIgniter\Router\RouteCollection->group('media', Object(Closure))
 5 SYSTEMPATH\Router\RouteCollection.php(799): CodeIgniter\Router\RouteCollection->{closure:C:\project\new_perumahan\app\Config\Routes.php:45}(Object(CodeIgniter\Router\RouteCollection))
 6 APPPATH\Config\Routes.php(45): CodeIgniter\Router\RouteCollection->group('admin', [...], Object(Closure))
 7 SYSTEMPATH\Router\RouteCollection.php(339): require('C:\\project\\new_perumahan\\app\\Config\\Routes.php')
 8 SYSTEMPATH\CodeIgniter.php(841): CodeIgniter\Router\RouteCollection->loadRoutes()
 9 SYSTEMPATH\CodeIgniter.php(464): CodeIgniter\CodeIgniter->tryToRouteIt(null)
10 SYSTEMPATH\CodeIgniter.php(363): CodeIgniter\CodeIgniter->handleRequest(null, Object(Config\Cache), false)
11 SYSTEMPATH\Boot.php(417): CodeIgniter\CodeIgniter->run()
12 SYSTEMPATH\Boot.php(68): CodeIgniter\Boot::runCodeIgniter(Object(CodeIgniter\CodeIgniter))
13 FCPATH\index.php(59): CodeIgniter\Boot::bootWeb(Object(Config\Paths))
14 SYSTEMPATH\rewrite.php(44): require_once('C:\\project\\new_perumahan\\public\\index.php')
DEBUG - 2026-09-21 09:52:42 --> Session: Class initialized using 'CodeIgniter\Session\Handlers\FileHandler' driver.
WARNING - 2026-09-21 09:53:49 --> [DEPRECATED] Passing lowercase HTTP method "get" is deprecated. Use uppercase HTTP method like "GET". in SYSTEMPATH\Router\RouteCollection.php on line 1026.
 1 SYSTEMPATH\Router\RouteCollection.php(1026): trigger_error('Passing lowercase HTTP method "get" is deprecated. Use uppercase HTTP method like "GET".', 16384)
 2 APPPATH\Config\Routes.php(83): CodeIgniter\Router\RouteCollection->match([...], 'connector', 'Admin\\Media::connector')
 3 SYSTEMPATH\Router\RouteCollection.php(799): CodeIgniter\Router\RouteCollection->{closure:{closure:C:\project\new_perumahan\app\Config\Routes.php:45}:79}(Object(CodeIgniter\Router\RouteCollection))
 4 APPPATH\Config\Routes.php(79): CodeIgniter\Router\RouteCollection->group('media', Object(Closure))
 5 SYSTEMPATH\Router\RouteCollection.php(799): CodeIgniter\Router\RouteCollection->{closure:C:\project\new_perumahan\app\Config\Routes.php:45}(Object(CodeIgniter\Router\RouteCollection))
 6 APPPATH\Config\Routes.php(45): CodeIgniter\Router\RouteCollection->group('admin', [...], Object(Closure))
 7 SYSTEMPATH\Router\RouteCollection.php(339): require('C:\\project\\new_perumahan\\app\\Config\\Routes.php')
 8 SYSTEMPATH\CodeIgniter.php(841): CodeIgniter\Router\RouteCollection->loadRoutes()
 9 SYSTEMPATH\CodeIgniter.php(464): CodeIgniter\CodeIgniter->tryToRouteIt(null)
10 SYSTEMPATH\CodeIgniter.php(363): CodeIgniter\CodeIgniter->handleRequest(null, Object(Config\Cache), false)
11 SYSTEMPATH\Boot.php(417): CodeIgniter\CodeIgniter->run()
12 SYSTEMPATH\Boot.php(68): CodeIgniter\Boot::runCodeIgniter(Object(CodeIgniter\CodeIgniter))
13 FCPATH\index.php(59): CodeIgniter\Boot::bootWeb(Object(Config\Paths))
14 SYSTEMPATH\rewrite.php(44): require_once('C:\\project\\new_perumahan\\public\\index.php')
WARNING - 2026-09-21 09:53:49 --> [DEPRECATED] Passing lowercase HTTP method "post" is deprecated. Use uppercase HTTP method like "POST". in SYSTEMPATH\Router\RouteCollection.php on line 1026.
 1 SYSTEMPATH\Router\RouteCollection.php(1026): trigger_error('Passing lowercase HTTP method "post" is deprecated. Use uppercase HTTP method like "POST".', 16384)
 2 APPPATH\Config\Routes.php(83): CodeIgniter\Router\RouteCollection->match([...], 'connector', 'Admin\\Media::connector')
 3 SYSTEMPATH\Router\RouteCollection.php(799): CodeIgniter\Router\RouteCollection->{closure:{closure:C:\project\new_perumahan\app\Config\Routes.php:45}:79}(Object(CodeIgniter\Router\RouteCollection))
 4 APPPATH\Config\Routes.php(79): CodeIgniter\Router\RouteCollection->group('media', Object(Closure))
 5 SYSTEMPATH\Router\RouteCollection.php(799): CodeIgniter\Router\RouteCollection->{closure:C:\project\new_perumahan\app\Config\Routes.php:45}(Object(CodeIgniter\Router\RouteCollection))
 6 APPPATH\Config\Routes.php(45): CodeIgniter\Router\RouteCollection->group('admin', [...], Object(Closure))
 7 SYSTEMPATH\Router\RouteCollection.php(339): require('C:\\project\\new_perumahan\\app\\Config\\Routes.php')
 8 SYSTEMPATH\CodeIgniter.php(841): CodeIgniter\Router\RouteCollection->loadRoutes()
 9 SYSTEMPATH\CodeIgniter.php(464): CodeIgniter\CodeIgniter->tryToRouteIt(null)
10 SYSTEMPATH\CodeIgniter.php(363): CodeIgniter\CodeIgniter->handleRequest(null, Object(Config\Cache), false)
11 SYSTEMPATH\Boot.php(417): CodeIgniter\CodeIgniter->run()
12 SYSTEMPATH\Boot.php(68): CodeIgniter\Boot::runCodeIgniter(Object(CodeIgniter\CodeIgniter))
13 FCPATH\index.php(59): CodeIgniter\Boot::bootWeb(Object(Config\Paths))
14 SYSTEMPATH\rewrite.php(44): require_once('C:\\project\\new_perumahan\\public\\index.php')
DEBUG - 2026-09-21 09:53:49 --> Session: Class initialized using 'CodeIgniter\Session\Handlers\FileHandler' driver.
WARNING - 2026-09-21 09:53:56 --> [DEPRECATED] Passing lowercase HTTP method "get" is deprecated. Use uppercase HTTP method like "GET". in SYSTEMPATH\Router\RouteCollection.php on line 1026.
 1 SYSTEMPATH\Router\RouteCollection.php(1026): trigger_error('Passing lowercase HTTP method "get" is deprecated. Use uppercase HTTP method like "GET".', 16384)
 2 APPPATH\Config\Routes.php(83): CodeIgniter\Router\RouteCollection->match([...], 'connector', 'Admin\\Media::connector')
 3 SYSTEMPATH\Router\RouteCollection.php(799): CodeIgniter\Router\RouteCollection->{closure:{closure:C:\project\new_perumahan\app\Config\Routes.php:45}:79}(Object(CodeIgniter\Router\RouteCollection))
 4 APPPATH\Config\Routes.php(79): CodeIgniter\Router\RouteCollection->group('media', Object(Closure))
 5 SYSTEMPATH\Router\RouteCollection.php(799): CodeIgniter\Router\RouteCollection->{closure:C:\project\new_perumahan\app\Config\Routes.php:45}(Object(CodeIgniter\Router\RouteCollection))
 6 APPPATH\Config\Routes.php(45): CodeIgniter\Router\RouteCollection->group('admin', [...], Object(Closure))
 7 SYSTEMPATH\Router\RouteCollection.php(339): require('C:\\project\\new_perumahan\\app\\Config\\Routes.php')
 8 SYSTEMPATH\CodeIgniter.php(841): CodeIgniter\Router\RouteCollection->loadRoutes()
 9 SYSTEMPATH\CodeIgniter.php(464): CodeIgniter\CodeIgniter->tryToRouteIt(null)
10 SYSTEMPATH\CodeIgniter.php(363): CodeIgniter\CodeIgniter->handleRequest(null, Object(Config\Cache), false)
11 SYSTEMPATH\Boot.php(417): CodeIgniter\CodeIgniter->run()
12 SYSTEMPATH\Boot.php(68): CodeIgniter\Boot::runCodeIgniter(Object(CodeIgniter\CodeIgniter))
13 FCPATH\index.php(59): CodeIgniter\Boot::bootWeb(Object(Config\Paths))
14 SYSTEMPATH\rewrite.php(44): require_once('C:\\project\\new_perumahan\\public\\index.php')
WARNING - 2026-09-21 09:53:56 --> [DEPRECATED] Passing lowercase HTTP method "post" is deprecated. Use uppercase HTTP method like "POST". in SYSTEMPATH\Router\RouteCollection.php on line 1026.
 1 SYSTEMPATH\Router\RouteCollection.php(1026): trigger_error('Passing lowercase HTTP method "post" is deprecated. Use uppercase HTTP method like "POST".', 16384)
 2 APPPATH\Config\Routes.php(83): CodeIgniter\Router\RouteCollection->match([...], 'connector', 'Admin\\Media::connector')
 3 SYSTEMPATH\Router\RouteCollection.php(799): CodeIgniter\Router\RouteCollection->{closure:{closure:C:\project\new_perumahan\app\Config\Routes.php:45}:79}(Object(CodeIgniter\Router\RouteCollection))
 4 APPPATH\Config\Routes.php(79): CodeIgniter\Router\RouteCollection->group('media', Object(Closure))
 5 SYSTEMPATH\Router\RouteCollection.php(799): CodeIgniter\Router\RouteCollection->{closure:C:\project\new_perumahan\app\Config\Routes.php:45}(Object(CodeIgniter\Router\RouteCollection))
 6 APPPATH\Config\Routes.php(45): CodeIgniter\Router\RouteCollection->group('admin', [...], Object(Closure))
 7 SYSTEMPATH\Router\RouteCollection.php(339): require('C:\\project\\new_perumahan\\app\\Config\\Routes.php')
 8 SYSTEMPATH\CodeIgniter.php(841): CodeIgniter\Router\RouteCollection->loadRoutes()
 9 SYSTEMPATH\CodeIgniter.php(464): CodeIgniter\CodeIgniter->tryToRouteIt(null)
10 SYSTEMPATH\CodeIgniter.php(363): CodeIgniter\CodeIgniter->handleRequest(null, Object(Config\Cache), false)
11 SYSTEMPATH\Boot.php(417): CodeIgniter\CodeIgniter->run()
12 SYSTEMPATH\Boot.php(68): CodeIgniter\Boot::runCodeIgniter(Object(CodeIgniter\CodeIgniter))
13 FCPATH\index.php(59): CodeIgniter\Boot::bootWeb(Object(Config\Paths))
14 SYSTEMPATH\rewrite.php(44): require_once('C:\\project\\new_perumahan\\public\\index.php')
DEBUG - 2026-09-21 09:53:56 --> Session: Class initialized using 'CodeIgniter\Session\Handlers\FileHandler' driver.
WARNING - 2026-09-21 09:54:00 --> [DEPRECATED] Passing lowercase HTTP method "get" is deprecated. Use uppercase HTTP method like "GET". in SYSTEMPATH\Router\RouteCollection.php on line 1026.
 1 SYSTEMPATH\Router\RouteCollection.php(1026): trigger_error('Passing lowercase HTTP method "get" is deprecated. Use uppercase HTTP method like "GET".', 16384)
 2 APPPATH\Config\Routes.php(83): CodeIgniter\Router\RouteCollection->match([...], 'connector', 'Admin\\Media::connector')
 3 SYSTEMPATH\Router\RouteCollection.php(799): CodeIgniter\Router\RouteCollection->{closure:{closure:C:\project\new_perumahan\app\Config\Routes.php:45}:79}(Object(CodeIgniter\Router\RouteCollection))
 4 APPPATH\Config\Routes.php(79): CodeIgniter\Router\RouteCollection->group('media', Object(Closure))
 5 SYSTEMPATH\Router\RouteCollection.php(799): CodeIgniter\Router\RouteCollection->{closure:C:\project\new_perumahan\app\Config\Routes.php:45}(Object(CodeIgniter\Router\RouteCollection))
 6 APPPATH\Config\Routes.php(45): CodeIgniter\Router\RouteCollection->group('admin', [...], Object(Closure))
 7 SYSTEMPATH\Router\RouteCollection.php(339): require('C:\\project\\new_perumahan\\app\\Config\\Routes.php')
 8 SYSTEMPATH\CodeIgniter.php(841): CodeIgniter\Router\RouteCollection->loadRoutes()
 9 SYSTEMPATH\CodeIgniter.php(464): CodeIgniter\CodeIgniter->tryToRouteIt(null)
10 SYSTEMPATH\CodeIgniter.php(363): CodeIgniter\CodeIgniter->handleRequest(null, Object(Config\Cache), false)
11 SYSTEMPATH\Boot.php(417): CodeIgniter\CodeIgniter->run()
12 SYSTEMPATH\Boot.php(68): CodeIgniter\Boot::runCodeIgniter(Object(CodeIgniter\CodeIgniter))
13 FCPATH\index.php(59): CodeIgniter\Boot::bootWeb(Object(Config\Paths))
14 SYSTEMPATH\rewrite.php(44): require_once('C:\\project\\new_perumahan\\public\\index.php')
WARNING - 2026-09-21 09:54:00 --> [DEPRECATED] Passing lowercase HTTP method "post" is deprecated. Use uppercase HTTP method like "POST". in SYSTEMPATH\Router\RouteCollection.php on line 1026.
 1 SYSTEMPATH\Router\RouteCollection.php(1026): trigger_error('Passing lowercase HTTP method "post" is deprecated. Use uppercase HTTP method like "POST".', 16384)
 2 APPPATH\Config\Routes.php(83): CodeIgniter\Router\RouteCollection->match([...], 'connector', 'Admin\\Media::connector')
 3 SYSTEMPATH\Router\RouteCollection.php(799): CodeIgniter\Router\RouteCollection->{closure:{closure:C:\project\new_perumahan\app\Config\Routes.php:45}:79}(Object(CodeIgniter\Router\RouteCollection))
 4 APPPATH\Config\Routes.php(79): CodeIgniter\Router\RouteCollection->group('media', Object(Closure))
 5 SYSTEMPATH\Router\RouteCollection.php(799): CodeIgniter\Router\RouteCollection->{closure:C:\project\new_perumahan\app\Config\Routes.php:45}(Object(CodeIgniter\Router\RouteCollection))
 6 APPPATH\Config\Routes.php(45): CodeIgniter\Router\RouteCollection->group('admin', [...], Object(Closure))
 7 SYSTEMPATH\Router\RouteCollection.php(339): require('C:\\project\\new_perumahan\\app\\Config\\Routes.php')
 8 SYSTEMPATH\CodeIgniter.php(841): CodeIgniter\Router\RouteCollection->loadRoutes()
 9 SYSTEMPATH\CodeIgniter.php(464): CodeIgniter\CodeIgniter->tryToRouteIt(null)
10 SYSTEMPATH\CodeIgniter.php(363): CodeIgniter\CodeIgniter->handleRequest(null, Object(Config\Cache), false)
11 SYSTEMPATH\Boot.php(417): CodeIgniter\CodeIgniter->run()
12 SYSTEMPATH\Boot.php(68): CodeIgniter\Boot::runCodeIgniter(Object(CodeIgniter\CodeIgniter))
13 FCPATH\index.php(59): CodeIgniter\Boot::bootWeb(Object(Config\Paths))
14 SYSTEMPATH\rewrite.php(44): require_once('C:\\project\\new_perumahan\\public\\index.php')
DEBUG - 2026-09-21 09:54:00 --> Session: Class initialized using 'CodeIgniter\Session\Handlers\FileHandler' driver.
WARNING - 2026-09-21 09:54:02 --> [DEPRECATED] Passing lowercase HTTP method "get" is deprecated. Use uppercase HTTP method like "GET". in SYSTEMPATH\Router\RouteCollection.php on line 1026.
 1 SYSTEMPATH\Router\RouteCollection.php(1026): trigger_error('Passing lowercase HTTP method "get" is deprecated. Use uppercase HTTP method like "GET".', 16384)
 2 APPPATH\Config\Routes.php(83): CodeIgniter\Router\RouteCollection->match([...], 'connector', 'Admin\\Media::connector')
 3 SYSTEMPATH\Router\RouteCollection.php(799): CodeIgniter\Router\RouteCollection->{closure:{closure:C:\project\new_perumahan\app\Config\Routes.php:45}:79}(Object(CodeIgniter\Router\RouteCollection))
 4 APPPATH\Config\Routes.php(79): CodeIgniter\Router\RouteCollection->group('media', Object(Closure))
 5 SYSTEMPATH\Router\RouteCollection.php(799): CodeIgniter\Router\RouteCollection->{closure:C:\project\new_perumahan\app\Config\Routes.php:45}(Object(CodeIgniter\Router\RouteCollection))
 6 APPPATH\Config\Routes.php(45): CodeIgniter\Router\RouteCollection->group('admin', [...], Object(Closure))
 7 SYSTEMPATH\Router\RouteCollection.php(339): require('C:\\project\\new_perumahan\\app\\Config\\Routes.php')
 8 SYSTEMPATH\CodeIgniter.php(841): CodeIgniter\Router\RouteCollection->loadRoutes()
 9 SYSTEMPATH\CodeIgniter.php(464): CodeIgniter\CodeIgniter->tryToRouteIt(null)
10 SYSTEMPATH\CodeIgniter.php(363): CodeIgniter\CodeIgniter->handleRequest(null, Object(Config\Cache), false)
11 SYSTEMPATH\Boot.php(417): CodeIgniter\CodeIgniter->run()
12 SYSTEMPATH\Boot.php(68): CodeIgniter\Boot::runCodeIgniter(Object(CodeIgniter\CodeIgniter))
13 FCPATH\index.php(59): CodeIgniter\Boot::bootWeb(Object(Config\Paths))
14 SYSTEMPATH\rewrite.php(44): require_once('C:\\project\\new_perumahan\\public\\index.php')
WARNING - 2026-09-21 09:54:02 --> [DEPRECATED] Passing lowercase HTTP method "post" is deprecated. Use uppercase HTTP method like "POST". in SYSTEMPATH\Router\RouteCollection.php on line 1026.
 1 SYSTEMPATH\Router\RouteCollection.php(1026): trigger_error('Passing lowercase HTTP method "post" is deprecated. Use uppercase HTTP method like "POST".', 16384)
 2 APPPATH\Config\Routes.php(83): CodeIgniter\Router\RouteCollection->match([...], 'connector', 'Admin\\Media::connector')
 3 SYSTEMPATH\Router\RouteCollection.php(799): CodeIgniter\Router\RouteCollection->{closure:{closure:C:\project\new_perumahan\app\Config\Routes.php:45}:79}(Object(CodeIgniter\Router\RouteCollection))
 4 APPPATH\Config\Routes.php(79): CodeIgniter\Router\RouteCollection->group('media', Object(Closure))
 5 SYSTEMPATH\Router\RouteCollection.php(799): CodeIgniter\Router\RouteCollection->{closure:C:\project\new_perumahan\app\Config\Routes.php:45}(Object(CodeIgniter\Router\RouteCollection))
 6 APPPATH\Config\Routes.php(45): CodeIgniter\Router\RouteCollection->group('admin', [...], Object(Closure))
 7 SYSTEMPATH\Router\RouteCollection.php(339): require('C:\\project\\new_perumahan\\app\\Config\\Routes.php')
 8 SYSTEMPATH\CodeIgniter.php(841): CodeIgniter\Router\RouteCollection->loadRoutes()
 9 SYSTEMPATH\CodeIgniter.php(464): CodeIgniter\CodeIgniter->tryToRouteIt(null)
10 SYSTEMPATH\CodeIgniter.php(363): CodeIgniter\CodeIgniter->handleRequest(null, Object(Config\Cache), false)
11 SYSTEMPATH\Boot.php(417): CodeIgniter\CodeIgniter->run()
12 SYSTEMPATH\Boot.php(68): CodeIgniter\Boot::runCodeIgniter(Object(CodeIgniter\CodeIgniter))
13 FCPATH\index.php(59): CodeIgniter\Boot::bootWeb(Object(Config\Paths))
14 SYSTEMPATH\rewrite.php(44): require_once('C:\\project\\new_perumahan\\public\\index.php')
DEBUG - 2026-09-21 09:54:02 --> Session: Class initialized using 'CodeIgniter\Session\Handlers\FileHandler' driver.
WARNING - 2026-09-21 09:54:03 --> [DEPRECATED] Passing lowercase HTTP method "get" is deprecated. Use uppercase HTTP method like "GET". in SYSTEMPATH\Router\RouteCollection.php on line 1026.
 1 SYSTEMPATH\Router\RouteCollection.php(1026): trigger_error('Passing lowercase HTTP method "get" is deprecated. Use uppercase HTTP method like "GET".', 16384)
 2 APPPATH\Config\Routes.php(83): CodeIgniter\Router\RouteCollection->match([...], 'connector', 'Admin\\Media::connector')
 3 SYSTEMPATH\Router\RouteCollection.php(799): CodeIgniter\Router\RouteCollection->{closure:{closure:C:\project\new_perumahan\app\Config\Routes.php:45}:79}(Object(CodeIgniter\Router\RouteCollection))
 4 APPPATH\Config\Routes.php(79): CodeIgniter\Router\RouteCollection->group('media', Object(Closure))
 5 SYSTEMPATH\Router\RouteCollection.php(799): CodeIgniter\Router\RouteCollection->{closure:C:\project\new_perumahan\app\Config\Routes.php:45}(Object(CodeIgniter\Router\RouteCollection))
 6 APPPATH\Config\Routes.php(45): CodeIgniter\Router\RouteCollection->group('admin', [...], Object(Closure))
 7 SYSTEMPATH\Router\RouteCollection.php(339): require('C:\\project\\new_perumahan\\app\\Config\\Routes.php')
 8 SYSTEMPATH\CodeIgniter.php(841): CodeIgniter\Router\RouteCollection->loadRoutes()
 9 SYSTEMPATH\CodeIgniter.php(464): CodeIgniter\CodeIgniter->tryToRouteIt(null)
10 SYSTEMPATH\CodeIgniter.php(363): CodeIgniter\CodeIgniter->handleRequest(null, Object(Config\Cache), false)
11 SYSTEMPATH\Boot.php(417): CodeIgniter\CodeIgniter->run()
12 SYSTEMPATH\Boot.php(68): CodeIgniter\Boot::runCodeIgniter(Object(CodeIgniter\CodeIgniter))
13 FCPATH\index.php(59): CodeIgniter\Boot::bootWeb(Object(Config\Paths))
14 SYSTEMPATH\rewrite.php(44): require_once('C:\\project\\new_perumahan\\public\\index.php')
WARNING - 2026-09-21 09:54:03 --> [DEPRECATED] Passing lowercase HTTP method "post" is deprecated. Use uppercase HTTP method like "POST". in SYSTEMPATH\Router\RouteCollection.php on line 1026.
 1 SYSTEMPATH\Router\RouteCollection.php(1026): trigger_error('Passing lowercase HTTP method "post" is deprecated. Use uppercase HTTP method like "POST".', 16384)
 2 APPPATH\Config\Routes.php(83): CodeIgniter\Router\RouteCollection->match([...], 'connector', 'Admin\\Media::connector')
 3 SYSTEMPATH\Router\RouteCollection.php(799): CodeIgniter\Router\RouteCollection->{closure:{closure:C:\project\new_perumahan\app\Config\Routes.php:45}:79}(Object(CodeIgniter\Router\RouteCollection))
 4 APPPATH\Config\Routes.php(79): CodeIgniter\Router\RouteCollection->group('media', Object(Closure))
 5 SYSTEMPATH\Router\RouteCollection.php(799): CodeIgniter\Router\RouteCollection->{closure:C:\project\new_perumahan\app\Config\Routes.php:45}(Object(CodeIgniter\Router\RouteCollection))
 6 APPPATH\Config\Routes.php(45): CodeIgniter\Router\RouteCollection->group('admin', [...], Object(Closure))
 7 SYSTEMPATH\Router\RouteCollection.php(339): require('C:\\project\\new_perumahan\\app\\Config\\Routes.php')
 8 SYSTEMPATH\CodeIgniter.php(841): CodeIgniter\Router\RouteCollection->loadRoutes()
 9 SYSTEMPATH\CodeIgniter.php(464): CodeIgniter\CodeIgniter->tryToRouteIt(null)
10 SYSTEMPATH\CodeIgniter.php(363): CodeIgniter\CodeIgniter->handleRequest(null, Object(Config\Cache), false)
11 SYSTEMPATH\Boot.php(417): CodeIgniter\CodeIgniter->run()
12 SYSTEMPATH\Boot.php(68): CodeIgniter\Boot::runCodeIgniter(Object(CodeIgniter\CodeIgniter))
13 FCPATH\index.php(59): CodeIgniter\Boot::bootWeb(Object(Config\Paths))
14 SYSTEMPATH\rewrite.php(44): require_once('C:\\project\\new_perumahan\\public\\index.php')
DEBUG - 2026-09-21 09:54:03 --> Session: Class initialized using 'CodeIgniter\Session\Handlers\FileHandler' driver.
WARNING - 2026-09-21 09:54:28 --> [DEPRECATED] Passing lowercase HTTP method "get" is deprecated. Use uppercase HTTP method like "GET". in SYSTEMPATH\Router\RouteCollection.php on line 1026.
 1 SYSTEMPATH\Router\RouteCollection.php(1026): trigger_error('Passing lowercase HTTP method "get" is deprecated. Use uppercase HTTP method like "GET".', 16384)
 2 APPPATH\Config\Routes.php(83): CodeIgniter\Router\RouteCollection->match([...], 'connector', 'Admin\\Media::connector')
 3 SYSTEMPATH\Router\RouteCollection.php(799): CodeIgniter\Router\RouteCollection->{closure:{closure:C:\project\new_perumahan\app\Config\Routes.php:45}:79}(Object(CodeIgniter\Router\RouteCollection))
 4 APPPATH\Config\Routes.php(79): CodeIgniter\Router\RouteCollection->group('media', Object(Closure))
 5 SYSTEMPATH\Router\RouteCollection.php(799): CodeIgniter\Router\RouteCollection->{closure:C:\project\new_perumahan\app\Config\Routes.php:45}(Object(CodeIgniter\Router\RouteCollection))
 6 APPPATH\Config\Routes.php(45): CodeIgniter\Router\RouteCollection->group('admin', [...], Object(Closure))
 7 SYSTEMPATH\Router\RouteCollection.php(339): require('C:\\project\\new_perumahan\\app\\Config\\Routes.php')
 8 SYSTEMPATH\CodeIgniter.php(841): CodeIgniter\Router\RouteCollection->loadRoutes()
 9 SYSTEMPATH\CodeIgniter.php(464): CodeIgniter\CodeIgniter->tryToRouteIt(null)
10 SYSTEMPATH\CodeIgniter.php(363): CodeIgniter\CodeIgniter->handleRequest(null, Object(Config\Cache), false)
11 SYSTEMPATH\Boot.php(417): CodeIgniter\CodeIgniter->run()
12 SYSTEMPATH\Boot.php(68): CodeIgniter\Boot::runCodeIgniter(Object(CodeIgniter\CodeIgniter))
13 FCPATH\index.php(59): CodeIgniter\Boot::bootWeb(Object(Config\Paths))
14 SYSTEMPATH\rewrite.php(44): require_once('C:\\project\\new_perumahan\\public\\index.php')
WARNING - 2026-09-21 09:54:28 --> [DEPRECATED] Passing lowercase HTTP method "post" is deprecated. Use uppercase HTTP method like "POST". in SYSTEMPATH\Router\RouteCollection.php on line 1026.
 1 SYSTEMPATH\Router\RouteCollection.php(1026): trigger_error('Passing lowercase HTTP method "post" is deprecated. Use uppercase HTTP method like "POST".', 16384)
 2 APPPATH\Config\Routes.php(83): CodeIgniter\Router\RouteCollection->match([...], 'connector', 'Admin\\Media::connector')
 3 SYSTEMPATH\Router\RouteCollection.php(799): CodeIgniter\Router\RouteCollection->{closure:{closure:C:\project\new_perumahan\app\Config\Routes.php:45}:79}(Object(CodeIgniter\Router\RouteCollection))
 4 APPPATH\Config\Routes.php(79): CodeIgniter\Router\RouteCollection->group('media', Object(Closure))
 5 SYSTEMPATH\Router\RouteCollection.php(799): CodeIgniter\Router\RouteCollection->{closure:C:\project\new_perumahan\app\Config\Routes.php:45}(Object(CodeIgniter\Router\RouteCollection))
 6 APPPATH\Config\Routes.php(45): CodeIgniter\Router\RouteCollection->group('admin', [...], Object(Closure))
 7 SYSTEMPATH\Router\RouteCollection.php(339): require('C:\\project\\new_perumahan\\app\\Config\\Routes.php')
 8 SYSTEMPATH\CodeIgniter.php(841): CodeIgniter\Router\RouteCollection->loadRoutes()
 9 SYSTEMPATH\CodeIgniter.php(464): CodeIgniter\CodeIgniter->tryToRouteIt(null)
10 SYSTEMPATH\CodeIgniter.php(363): CodeIgniter\CodeIgniter->handleRequest(null, Object(Config\Cache), false)
11 SYSTEMPATH\Boot.php(417): CodeIgniter\CodeIgniter->run()
12 SYSTEMPATH\Boot.php(68): CodeIgniter\Boot::runCodeIgniter(Object(CodeIgniter\CodeIgniter))
13 FCPATH\index.php(59): CodeIgniter\Boot::bootWeb(Object(Config\Paths))
14 SYSTEMPATH\rewrite.php(44): require_once('C:\\project\\new_perumahan\\public\\index.php')
DEBUG - 2026-09-21 09:54:28 --> Session: Class initialized using 'CodeIgniter\Session\Handlers\FileHandler' driver.
WARNING - 2026-09-21 10:01:40 --> [DEPRECATED] Passing lowercase HTTP method "get" is deprecated. Use uppercase HTTP method like "GET". in SYSTEMPATH\Router\RouteCollection.php on line 1026.
 1 SYSTEMPATH\Router\RouteCollection.php(1026): trigger_error('Passing lowercase HTTP method "get" is deprecated. Use uppercase HTTP method like "GET".', 16384)
 2 APPPATH\Config\Routes.php(83): CodeIgniter\Router\RouteCollection->match([...], 'connector', 'Admin\\Media::connector')
 3 SYSTEMPATH\Router\RouteCollection.php(799): CodeIgniter\Router\RouteCollection->{closure:{closure:C:\project\new_perumahan\app\Config\Routes.php:45}:79}(Object(CodeIgniter\Router\RouteCollection))
 4 APPPATH\Config\Routes.php(79): CodeIgniter\Router\RouteCollection->group('media', Object(Closure))
 5 SYSTEMPATH\Router\RouteCollection.php(799): CodeIgniter\Router\RouteCollection->{closure:C:\project\new_perumahan\app\Config\Routes.php:45}(Object(CodeIgniter\Router\RouteCollection))
 6 APPPATH\Config\Routes.php(45): CodeIgniter\Router\RouteCollection->group('admin', [...], Object(Closure))
 7 SYSTEMPATH\Router\RouteCollection.php(339): require('C:\\project\\new_perumahan\\app\\Config\\Routes.php')
 8 SYSTEMPATH\CodeIgniter.php(841): CodeIgniter\Router\RouteCollection->loadRoutes()
 9 SYSTEMPATH\CodeIgniter.php(464): CodeIgniter\CodeIgniter->tryToRouteIt(null)
10 SYSTEMPATH\CodeIgniter.php(363): CodeIgniter\CodeIgniter->handleRequest(null, Object(Config\Cache), false)
11 SYSTEMPATH\Boot.php(417): CodeIgniter\CodeIgniter->run()
12 SYSTEMPATH\Boot.php(68): CodeIgniter\Boot::runCodeIgniter(Object(CodeIgniter\CodeIgniter))
13 FCPATH\index.php(59): CodeIgniter\Boot::bootWeb(Object(Config\Paths))
14 SYSTEMPATH\rewrite.php(44): require_once('C:\\project\\new_perumahan\\public\\index.php')
WARNING - 2026-09-21 10:01:40 --> [DEPRECATED] Passing lowercase HTTP method "post" is deprecated. Use uppercase HTTP method like "POST". in SYSTEMPATH\Router\RouteCollection.php on line 1026.
 1 SYSTEMPATH\Router\RouteCollection.php(1026): trigger_error('Passing lowercase HTTP method "post" is deprecated. Use uppercase HTTP method like "POST".', 16384)
 2 APPPATH\Config\Routes.php(83): CodeIgniter\Router\RouteCollection->match([...], 'connector', 'Admin\\Media::connector')
 3 SYSTEMPATH\Router\RouteCollection.php(799): CodeIgniter\Router\RouteCollection->{closure:{closure:C:\project\new_perumahan\app\Config\Routes.php:45}:79}(Object(CodeIgniter\Router\RouteCollection))
 4 APPPATH\Config\Routes.php(79): CodeIgniter\Router\RouteCollection->group('media', Object(Closure))
 5 SYSTEMPATH\Router\RouteCollection.php(799): CodeIgniter\Router\RouteCollection->{closure:C:\project\new_perumahan\app\Config\Routes.php:45}(Object(CodeIgniter\Router\RouteCollection))
 6 APPPATH\Config\Routes.php(45): CodeIgniter\Router\RouteCollection->group('admin', [...], Object(Closure))
 7 SYSTEMPATH\Router\RouteCollection.php(339): require('C:\\project\\new_perumahan\\app\\Config\\Routes.php')
 8 SYSTEMPATH\CodeIgniter.php(841): CodeIgniter\Router\RouteCollection->loadRoutes()
 9 SYSTEMPATH\CodeIgniter.php(464): CodeIgniter\CodeIgniter->tryToRouteIt(null)
10 SYSTEMPATH\CodeIgniter.php(363): CodeIgniter\CodeIgniter->handleRequest(null, Object(Config\Cache), false)
11 SYSTEMPATH\Boot.php(417): CodeIgniter\CodeIgniter->run()
12 SYSTEMPATH\Boot.php(68): CodeIgniter\Boot::runCodeIgniter(Object(CodeIgniter\CodeIgniter))
13 FCPATH\index.php(59): CodeIgniter\Boot::bootWeb(Object(Config\Paths))
14 SYSTEMPATH\rewrite.php(44): require_once('C:\\project\\new_perumahan\\public\\index.php')
DEBUG - 2026-09-21 10:01:40 --> Session: Class initialized using 'CodeIgniter\Session\Handlers\FileHandler' driver.
WARNING - 2026-09-21 10:01:45 --> [DEPRECATED] Passing lowercase HTTP method "get" is deprecated. Use uppercase HTTP method like "GET". in SYSTEMPATH\Router\RouteCollection.php on line 1026.
 1 SYSTEMPATH\Router\RouteCollection.php(1026): trigger_error('Passing lowercase HTTP method "get" is deprecated. Use uppercase HTTP method like "GET".', 16384)
 2 APPPATH\Config\Routes.php(83): CodeIgniter\Router\RouteCollection->match([...], 'connector', 'Admin\\Media::connector')
 3 SYSTEMPATH\Router\RouteCollection.php(799): CodeIgniter\Router\RouteCollection->{closure:{closure:C:\project\new_perumahan\app\Config\Routes.php:45}:79}(Object(CodeIgniter\Router\RouteCollection))
 4 APPPATH\Config\Routes.php(79): CodeIgniter\Router\RouteCollection->group('media', Object(Closure))
 5 SYSTEMPATH\Router\RouteCollection.php(799): CodeIgniter\Router\RouteCollection->{closure:C:\project\new_perumahan\app\Config\Routes.php:45}(Object(CodeIgniter\Router\RouteCollection))
 6 APPPATH\Config\Routes.php(45): CodeIgniter\Router\RouteCollection->group('admin', [...], Object(Closure))
 7 SYSTEMPATH\Router\RouteCollection.php(339): require('C:\\project\\new_perumahan\\app\\Config\\Routes.php')
 8 SYSTEMPATH\CodeIgniter.php(841): CodeIgniter\Router\RouteCollection->loadRoutes()
 9 SYSTEMPATH\CodeIgniter.php(464): CodeIgniter\CodeIgniter->tryToRouteIt(null)
10 SYSTEMPATH\CodeIgniter.php(363): CodeIgniter\CodeIgniter->handleRequest(null, Object(Config\Cache), false)
11 SYSTEMPATH\Boot.php(417): CodeIgniter\CodeIgniter->run()
12 SYSTEMPATH\Boot.php(68): CodeIgniter\Boot::runCodeIgniter(Object(CodeIgniter\CodeIgniter))
13 FCPATH\index.php(59): CodeIgniter\Boot::bootWeb(Object(Config\Paths))
14 SYSTEMPATH\rewrite.php(44): require_once('C:\\project\\new_perumahan\\public\\index.php')
WARNING - 2026-09-21 10:01:45 --> [DEPRECATED] Passing lowercase HTTP method "post" is deprecated. Use uppercase HTTP method like "POST". in SYSTEMPATH\Router\RouteCollection.php on line 1026.
 1 SYSTEMPATH\Router\RouteCollection.php(1026): trigger_error('Passing lowercase HTTP method "post" is deprecated. Use uppercase HTTP method like "POST".', 16384)
 2 APPPATH\Config\Routes.php(83): CodeIgniter\Router\RouteCollection->match([...], 'connector', 'Admin\\Media::connector')
 3 SYSTEMPATH\Router\RouteCollection.php(799): CodeIgniter\Router\RouteCollection->{closure:{closure:C:\project\new_perumahan\app\Config\Routes.php:45}:79}(Object(CodeIgniter\Router\RouteCollection))
 4 APPPATH\Config\Routes.php(79): CodeIgniter\Router\RouteCollection->group('media', Object(Closure))
 5 SYSTEMPATH\Router\RouteCollection.php(799): CodeIgniter\Router\RouteCollection->{closure:C:\project\new_perumahan\app\Config\Routes.php:45}(Object(CodeIgniter\Router\RouteCollection))
 6 APPPATH\Config\Routes.php(45): CodeIgniter\Router\RouteCollection->group('admin', [...], Object(Closure))
 7 SYSTEMPATH\Router\RouteCollection.php(339): require('C:\\project\\new_perumahan\\app\\Config\\Routes.php')
 8 SYSTEMPATH\CodeIgniter.php(841): CodeIgniter\Router\RouteCollection->loadRoutes()
 9 SYSTEMPATH\CodeIgniter.php(464): CodeIgniter\CodeIgniter->tryToRouteIt(null)
10 SYSTEMPATH\CodeIgniter.php(363): CodeIgniter\CodeIgniter->handleRequest(null, Object(Config\Cache), false)
11 SYSTEMPATH\Boot.php(417): CodeIgniter\CodeIgniter->run()
12 SYSTEMPATH\Boot.php(68): CodeIgniter\Boot::runCodeIgniter(Object(CodeIgniter\CodeIgniter))
13 FCPATH\index.php(59): CodeIgniter\Boot::bootWeb(Object(Config\Paths))
14 SYSTEMPATH\rewrite.php(44): require_once('C:\\project\\new_perumahan\\public\\index.php')
DEBUG - 2026-09-21 10:01:45 --> Session: Class initialized using 'CodeIgniter\Session\Handlers\FileHandler' driver.
WARNING - 2026-09-21 10:01:49 --> [DEPRECATED] Passing lowercase HTTP method "get" is deprecated. Use uppercase HTTP method like "GET". in SYSTEMPATH\Router\RouteCollection.php on line 1026.
 1 SYSTEMPATH\Router\RouteCollection.php(1026): trigger_error('Passing lowercase HTTP method "get" is deprecated. Use uppercase HTTP method like "GET".', 16384)
 2 APPPATH\Config\Routes.php(83): CodeIgniter\Router\RouteCollection->match([...], 'connector', 'Admin\\Media::connector')
 3 SYSTEMPATH\Router\RouteCollection.php(799): CodeIgniter\Router\RouteCollection->{closure:{closure:C:\project\new_perumahan\app\Config\Routes.php:45}:79}(Object(CodeIgniter\Router\RouteCollection))
 4 APPPATH\Config\Routes.php(79): CodeIgniter\Router\RouteCollection->group('media', Object(Closure))
 5 SYSTEMPATH\Router\RouteCollection.php(799): CodeIgniter\Router\RouteCollection->{closure:C:\project\new_perumahan\app\Config\Routes.php:45}(Object(CodeIgniter\Router\RouteCollection))
 6 APPPATH\Config\Routes.php(45): CodeIgniter\Router\RouteCollection->group('admin', [...], Object(Closure))
 7 SYSTEMPATH\Router\RouteCollection.php(339): require('C:\\project\\new_perumahan\\app\\Config\\Routes.php')
 8 SYSTEMPATH\CodeIgniter.php(841): CodeIgniter\Router\RouteCollection->loadRoutes()
 9 SYSTEMPATH\CodeIgniter.php(464): CodeIgniter\CodeIgniter->tryToRouteIt(null)
10 SYSTEMPATH\CodeIgniter.php(363): CodeIgniter\CodeIgniter->handleRequest(null, Object(Config\Cache), false)
11 SYSTEMPATH\Boot.php(417): CodeIgniter\CodeIgniter->run()
12 SYSTEMPATH\Boot.php(68): CodeIgniter\Boot::runCodeIgniter(Object(CodeIgniter\CodeIgniter))
13 FCPATH\index.php(59): CodeIgniter\Boot::bootWeb(Object(Config\Paths))
14 SYSTEMPATH\rewrite.php(44): require_once('C:\\project\\new_perumahan\\public\\index.php')
WARNING - 2026-09-21 10:01:49 --> [DEPRECATED] Passing lowercase HTTP method "post" is deprecated. Use uppercase HTTP method like "POST". in SYSTEMPATH\Router\RouteCollection.php on line 1026.
 1 SYSTEMPATH\Router\RouteCollection.php(1026): trigger_error('Passing lowercase HTTP method "post" is deprecated. Use uppercase HTTP method like "POST".', 16384)
 2 APPPATH\Config\Routes.php(83): CodeIgniter\Router\RouteCollection->match([...], 'connector', 'Admin\\Media::connector')
 3 SYSTEMPATH\Router\RouteCollection.php(799): CodeIgniter\Router\RouteCollection->{closure:{closure:C:\project\new_perumahan\app\Config\Routes.php:45}:79}(Object(CodeIgniter\Router\RouteCollection))
 4 APPPATH\Config\Routes.php(79): CodeIgniter\Router\RouteCollection->group('media', Object(Closure))
 5 SYSTEMPATH\Router\RouteCollection.php(799): CodeIgniter\Router\RouteCollection->{closure:C:\project\new_perumahan\app\Config\Routes.php:45}(Object(CodeIgniter\Router\RouteCollection))
 6 APPPATH\Config\Routes.php(45): CodeIgniter\Router\RouteCollection->group('admin', [...], Object(Closure))
 7 SYSTEMPATH\Router\RouteCollection.php(339): require('C:\\project\\new_perumahan\\app\\Config\\Routes.php')
 8 SYSTEMPATH\CodeIgniter.php(841): CodeIgniter\Router\RouteCollection->loadRoutes()
 9 SYSTEMPATH\CodeIgniter.php(464): CodeIgniter\CodeIgniter->tryToRouteIt(null)
10 SYSTEMPATH\CodeIgniter.php(363): CodeIgniter\CodeIgniter->handleRequest(null, Object(Config\Cache), false)
11 SYSTEMPATH\Boot.php(417): CodeIgniter\CodeIgniter->run()
12 SYSTEMPATH\Boot.php(68): CodeIgniter\Boot::runCodeIgniter(Object(CodeIgniter\CodeIgniter))
13 FCPATH\index.php(59): CodeIgniter\Boot::bootWeb(Object(Config\Paths))
14 SYSTEMPATH\rewrite.php(44): require_once('C:\\project\\new_perumahan\\public\\index.php')
DEBUG - 2026-09-21 10:01:49 --> Session: Class initialized using 'CodeIgniter\Session\Handlers\FileHandler' driver.
WARNING - 2026-09-21 10:01:51 --> [DEPRECATED] Passing lowercase HTTP method "get" is deprecated. Use uppercase HTTP method like "GET". in SYSTEMPATH\Router\RouteCollection.php on line 1026.
 1 SYSTEMPATH\Router\RouteCollection.php(1026): trigger_error('Passing lowercase HTTP method "get" is deprecated. Use uppercase HTTP method like "GET".', 16384)
 2 APPPATH\Config\Routes.php(83): CodeIgniter\Router\RouteCollection->match([...], 'connector', 'Admin\\Media::connector')
 3 SYSTEMPATH\Router\RouteCollection.php(799): CodeIgniter\Router\RouteCollection->{closure:{closure:C:\project\new_perumahan\app\Config\Routes.php:45}:79}(Object(CodeIgniter\Router\RouteCollection))
 4 APPPATH\Config\Routes.php(79): CodeIgniter\Router\RouteCollection->group('media', Object(Closure))
 5 SYSTEMPATH\Router\RouteCollection.php(799): CodeIgniter\Router\RouteCollection->{closure:C:\project\new_perumahan\app\Config\Routes.php:45}(Object(CodeIgniter\Router\RouteCollection))
 6 APPPATH\Config\Routes.php(45): CodeIgniter\Router\RouteCollection->group('admin', [...], Object(Closure))
 7 SYSTEMPATH\Router\RouteCollection.php(339): require('C:\\project\\new_perumahan\\app\\Config\\Routes.php')
 8 SYSTEMPATH\CodeIgniter.php(841): CodeIgniter\Router\RouteCollection->loadRoutes()
 9 SYSTEMPATH\CodeIgniter.php(464): CodeIgniter\CodeIgniter->tryToRouteIt(null)
10 SYSTEMPATH\CodeIgniter.php(363): CodeIgniter\CodeIgniter->handleRequest(null, Object(Config\Cache), false)
11 SYSTEMPATH\Boot.php(417): CodeIgniter\CodeIgniter->run()
12 SYSTEMPATH\Boot.php(68): CodeIgniter\Boot::runCodeIgniter(Object(CodeIgniter\CodeIgniter))
13 FCPATH\index.php(59): CodeIgniter\Boot::bootWeb(Object(Config\Paths))
14 SYSTEMPATH\rewrite.php(44): require_once('C:\\project\\new_perumahan\\public\\index.php')
WARNING - 2026-09-21 10:01:51 --> [DEPRECATED] Passing lowercase HTTP method "post" is deprecated. Use uppercase HTTP method like "POST". in SYSTEMPATH\Router\RouteCollection.php on line 1026.
 1 SYSTEMPATH\Router\RouteCollection.php(1026): trigger_error('Passing lowercase HTTP method "post" is deprecated. Use uppercase HTTP method like "POST".', 16384)
 2 APPPATH\Config\Routes.php(83): CodeIgniter\Router\RouteCollection->match([...], 'connector', 'Admin\\Media::connector')
 3 SYSTEMPATH\Router\RouteCollection.php(799): CodeIgniter\Router\RouteCollection->{closure:{closure:C:\project\new_perumahan\app\Config\Routes.php:45}:79}(Object(CodeIgniter\Router\RouteCollection))
 4 APPPATH\Config\Routes.php(79): CodeIgniter\Router\RouteCollection->group('media', Object(Closure))
 5 SYSTEMPATH\Router\RouteCollection.php(799): CodeIgniter\Router\RouteCollection->{closure:C:\project\new_perumahan\app\Config\Routes.php:45}(Object(CodeIgniter\Router\RouteCollection))
 6 APPPATH\Config\Routes.php(45): CodeIgniter\Router\RouteCollection->group('admin', [...], Object(Closure))
 7 SYSTEMPATH\Router\RouteCollection.php(339): require('C:\\project\\new_perumahan\\app\\Config\\Routes.php')
 8 SYSTEMPATH\CodeIgniter.php(841): CodeIgniter\Router\RouteCollection->loadRoutes()
 9 SYSTEMPATH\CodeIgniter.php(464): CodeIgniter\CodeIgniter->tryToRouteIt(null)
10 SYSTEMPATH\CodeIgniter.php(363): CodeIgniter\CodeIgniter->handleRequest(null, Object(Config\Cache), false)
11 SYSTEMPATH\Boot.php(417): CodeIgniter\CodeIgniter->run()
12 SYSTEMPATH\Boot.php(68): CodeIgniter\Boot::runCodeIgniter(Object(CodeIgniter\CodeIgniter))
13 FCPATH\index.php(59): CodeIgniter\Boot::bootWeb(Object(Config\Paths))
14 SYSTEMPATH\rewrite.php(44): require_once('C:\\project\\new_perumahan\\public\\index.php')
DEBUG - 2026-09-21 10:01:51 --> Session: Class initialized using 'CodeIgniter\Session\Handlers\FileHandler' driver.
WARNING - 2026-09-21 10:01:56 --> [DEPRECATED] Passing lowercase HTTP method "get" is deprecated. Use uppercase HTTP method like "GET". in SYSTEMPATH\Router\RouteCollection.php on line 1026.
 1 SYSTEMPATH\Router\RouteCollection.php(1026): trigger_error('Passing lowercase HTTP method "get" is deprecated. Use uppercase HTTP method like "GET".', 16384)
 2 APPPATH\Config\Routes.php(83): CodeIgniter\Router\RouteCollection->match([...], 'connector', 'Admin\\Media::connector')
 3 SYSTEMPATH\Router\RouteCollection.php(799): CodeIgniter\Router\RouteCollection->{closure:{closure:C:\project\new_perumahan\app\Config\Routes.php:45}:79}(Object(CodeIgniter\Router\RouteCollection))
 4 APPPATH\Config\Routes.php(79): CodeIgniter\Router\RouteCollection->group('media', Object(Closure))
 5 SYSTEMPATH\Router\RouteCollection.php(799): CodeIgniter\Router\RouteCollection->{closure:C:\project\new_perumahan\app\Config\Routes.php:45}(Object(CodeIgniter\Router\RouteCollection))
 6 APPPATH\Config\Routes.php(45): CodeIgniter\Router\RouteCollection->group('admin', [...], Object(Closure))
 7 SYSTEMPATH\Router\RouteCollection.php(339): require('C:\\project\\new_perumahan\\app\\Config\\Routes.php')
 8 SYSTEMPATH\CodeIgniter.php(841): CodeIgniter\Router\RouteCollection->loadRoutes()
 9 SYSTEMPATH\CodeIgniter.php(464): CodeIgniter\CodeIgniter->tryToRouteIt(null)
10 SYSTEMPATH\CodeIgniter.php(363): CodeIgniter\CodeIgniter->handleRequest(null, Object(Config\Cache), false)
11 SYSTEMPATH\Boot.php(417): CodeIgniter\CodeIgniter->run()
12 SYSTEMPATH\Boot.php(68): CodeIgniter\Boot::runCodeIgniter(Object(CodeIgniter\CodeIgniter))
13 FCPATH\index.php(59): CodeIgniter\Boot::bootWeb(Object(Config\Paths))
14 SYSTEMPATH\rewrite.php(44): require_once('C:\\project\\new_perumahan\\public\\index.php')
WARNING - 2026-09-21 10:01:56 --> [DEPRECATED] Passing lowercase HTTP method "post" is deprecated. Use uppercase HTTP method like "POST". in SYSTEMPATH\Router\RouteCollection.php on line 1026.
 1 SYSTEMPATH\Router\RouteCollection.php(1026): trigger_error('Passing lowercase HTTP method "post" is deprecated. Use uppercase HTTP method like "POST".', 16384)
 2 APPPATH\Config\Routes.php(83): CodeIgniter\Router\RouteCollection->match([...], 'connector', 'Admin\\Media::connector')
 3 SYSTEMPATH\Router\RouteCollection.php(799): CodeIgniter\Router\RouteCollection->{closure:{closure:C:\project\new_perumahan\app\Config\Routes.php:45}:79}(Object(CodeIgniter\Router\RouteCollection))
 4 APPPATH\Config\Routes.php(79): CodeIgniter\Router\RouteCollection->group('media', Object(Closure))
 5 SYSTEMPATH\Router\RouteCollection.php(799): CodeIgniter\Router\RouteCollection->{closure:C:\project\new_perumahan\app\Config\Routes.php:45}(Object(CodeIgniter\Router\RouteCollection))
 6 APPPATH\Config\Routes.php(45): CodeIgniter\Router\RouteCollection->group('admin', [...], Object(Closure))
 7 SYSTEMPATH\Router\RouteCollection.php(339): require('C:\\project\\new_perumahan\\app\\Config\\Routes.php')
 8 SYSTEMPATH\CodeIgniter.php(841): CodeIgniter\Router\RouteCollection->loadRoutes()
 9 SYSTEMPATH\CodeIgniter.php(464): CodeIgniter\CodeIgniter->tryToRouteIt(null)
10 SYSTEMPATH\CodeIgniter.php(363): CodeIgniter\CodeIgniter->handleRequest(null, Object(Config\Cache), false)
11 SYSTEMPATH\Boot.php(417): CodeIgniter\CodeIgniter->run()
12 SYSTEMPATH\Boot.php(68): CodeIgniter\Boot::runCodeIgniter(Object(CodeIgniter\CodeIgniter))
13 FCPATH\index.php(59): CodeIgniter\Boot::bootWeb(Object(Config\Paths))
14 SYSTEMPATH\rewrite.php(44): require_once('C:\\project\\new_perumahan\\public\\index.php')
DEBUG - 2026-09-21 10:01:56 --> Session: Class initialized using 'CodeIgniter\Session\Handlers\FileHandler' driver.
WARNING - 2026-09-21 10:01:58 --> [DEPRECATED] Passing lowercase HTTP method "get" is deprecated. Use uppercase HTTP method like "GET". in SYSTEMPATH\Router\RouteCollection.php on line 1026.
 1 SYSTEMPATH\Router\RouteCollection.php(1026): trigger_error('Passing lowercase HTTP method "get" is deprecated. Use uppercase HTTP method like "GET".', 16384)
 2 APPPATH\Config\Routes.php(83): CodeIgniter\Router\RouteCollection->match([...], 'connector', 'Admin\\Media::connector')
 3 SYSTEMPATH\Router\RouteCollection.php(799): CodeIgniter\Router\RouteCollection->{closure:{closure:C:\project\new_perumahan\app\Config\Routes.php:45}:79}(Object(CodeIgniter\Router\RouteCollection))
 4 APPPATH\Config\Routes.php(79): CodeIgniter\Router\RouteCollection->group('media', Object(Closure))
 5 SYSTEMPATH\Router\RouteCollection.php(799): CodeIgniter\Router\RouteCollection->{closure:C:\project\new_perumahan\app\Config\Routes.php:45}(Object(CodeIgniter\Router\RouteCollection))
 6 APPPATH\Config\Routes.php(45): CodeIgniter\Router\RouteCollection->group('admin', [...], Object(Closure))
 7 SYSTEMPATH\Router\RouteCollection.php(339): require('C:\\project\\new_perumahan\\app\\Config\\Routes.php')
 8 SYSTEMPATH\CodeIgniter.php(841): CodeIgniter\Router\RouteCollection->loadRoutes()
 9 SYSTEMPATH\CodeIgniter.php(464): CodeIgniter\CodeIgniter->tryToRouteIt(null)
10 SYSTEMPATH\CodeIgniter.php(363): CodeIgniter\CodeIgniter->handleRequest(null, Object(Config\Cache), false)
11 SYSTEMPATH\Boot.php(417): CodeIgniter\CodeIgniter->run()
12 SYSTEMPATH\Boot.php(68): CodeIgniter\Boot::runCodeIgniter(Object(CodeIgniter\CodeIgniter))
13 FCPATH\index.php(59): CodeIgniter\Boot::bootWeb(Object(Config\Paths))
14 SYSTEMPATH\rewrite.php(44): require_once('C:\\project\\new_perumahan\\public\\index.php')
WARNING - 2026-09-21 10:01:58 --> [DEPRECATED] Passing lowercase HTTP method "post" is deprecated. Use uppercase HTTP method like "POST". in SYSTEMPATH\Router\RouteCollection.php on line 1026.
 1 SYSTEMPATH\Router\RouteCollection.php(1026): trigger_error('Passing lowercase HTTP method "post" is deprecated. Use uppercase HTTP method like "POST".', 16384)
 2 APPPATH\Config\Routes.php(83): CodeIgniter\Router\RouteCollection->match([...], 'connector', 'Admin\\Media::connector')
 3 SYSTEMPATH\Router\RouteCollection.php(799): CodeIgniter\Router\RouteCollection->{closure:{closure:C:\project\new_perumahan\app\Config\Routes.php:45}:79}(Object(CodeIgniter\Router\RouteCollection))
 4 APPPATH\Config\Routes.php(79): CodeIgniter\Router\RouteCollection->group('media', Object(Closure))
 5 SYSTEMPATH\Router\RouteCollection.php(799): CodeIgniter\Router\RouteCollection->{closure:C:\project\new_perumahan\app\Config\Routes.php:45}(Object(CodeIgniter\Router\RouteCollection))
 6 APPPATH\Config\Routes.php(45): CodeIgniter\Router\RouteCollection->group('admin', [...], Object(Closure))
 7 SYSTEMPATH\Router\RouteCollection.php(339): require('C:\\project\\new_perumahan\\app\\Config\\Routes.php')
 8 SYSTEMPATH\CodeIgniter.php(841): CodeIgniter\Router\RouteCollection->loadRoutes()
 9 SYSTEMPATH\CodeIgniter.php(464): CodeIgniter\CodeIgniter->tryToRouteIt(null)
10 SYSTEMPATH\CodeIgniter.php(363): CodeIgniter\CodeIgniter->handleRequest(null, Object(Config\Cache), false)
11 SYSTEMPATH\Boot.php(417): CodeIgniter\CodeIgniter->run()
12 SYSTEMPATH\Boot.php(68): CodeIgniter\Boot::runCodeIgniter(Object(CodeIgniter\CodeIgniter))
13 FCPATH\index.php(59): CodeIgniter\Boot::bootWeb(Object(Config\Paths))
14 SYSTEMPATH\rewrite.php(44): require_once('C:\\project\\new_perumahan\\public\\index.php')
DEBUG - 2026-09-21 10:01:58 --> Session: Class initialized using 'CodeIgniter\Session\Handlers\FileHandler' driver.
WARNING - 2026-09-21 10:02:00 --> [DEPRECATED] Passing lowercase HTTP method "get" is deprecated. Use uppercase HTTP method like "GET". in SYSTEMPATH\Router\RouteCollection.php on line 1026.
 1 SYSTEMPATH\Router\RouteCollection.php(1026): trigger_error('Passing lowercase HTTP method "get" is deprecated. Use uppercase HTTP method like "GET".', 16384)
 2 APPPATH\Config\Routes.php(83): CodeIgniter\Router\RouteCollection->match([...], 'connector', 'Admin\\Media::connector')
 3 SYSTEMPATH\Router\RouteCollection.php(799): CodeIgniter\Router\RouteCollection->{closure:{closure:C:\project\new_perumahan\app\Config\Routes.php:45}:79}(Object(CodeIgniter\Router\RouteCollection))
 4 APPPATH\Config\Routes.php(79): CodeIgniter\Router\RouteCollection->group('media', Object(Closure))
 5 SYSTEMPATH\Router\RouteCollection.php(799): CodeIgniter\Router\RouteCollection->{closure:C:\project\new_perumahan\app\Config\Routes.php:45}(Object(CodeIgniter\Router\RouteCollection))
 6 APPPATH\Config\Routes.php(45): CodeIgniter\Router\RouteCollection->group('admin', [...], Object(Closure))
 7 SYSTEMPATH\Router\RouteCollection.php(339): require('C:\\project\\new_perumahan\\app\\Config\\Routes.php')
 8 SYSTEMPATH\CodeIgniter.php(841): CodeIgniter\Router\RouteCollection->loadRoutes()
 9 SYSTEMPATH\CodeIgniter.php(464): CodeIgniter\CodeIgniter->tryToRouteIt(null)
10 SYSTEMPATH\CodeIgniter.php(363): CodeIgniter\CodeIgniter->handleRequest(null, Object(Config\Cache), false)
11 SYSTEMPATH\Boot.php(417): CodeIgniter\CodeIgniter->run()
12 SYSTEMPATH\Boot.php(68): CodeIgniter\Boot::runCodeIgniter(Object(CodeIgniter\CodeIgniter))
13 FCPATH\index.php(59): CodeIgniter\Boot::bootWeb(Object(Config\Paths))
14 SYSTEMPATH\rewrite.php(44): require_once('C:\\project\\new_perumahan\\public\\index.php')
WARNING - 2026-09-21 10:02:00 --> [DEPRECATED] Passing lowercase HTTP method "post" is deprecated. Use uppercase HTTP method like "POST". in SYSTEMPATH\Router\RouteCollection.php on line 1026.
 1 SYSTEMPATH\Router\RouteCollection.php(1026): trigger_error('Passing lowercase HTTP method "post" is deprecated. Use uppercase HTTP method like "POST".', 16384)
 2 APPPATH\Config\Routes.php(83): CodeIgniter\Router\RouteCollection->match([...], 'connector', 'Admin\\Media::connector')
 3 SYSTEMPATH\Router\RouteCollection.php(799): CodeIgniter\Router\RouteCollection->{closure:{closure:C:\project\new_perumahan\app\Config\Routes.php:45}:79}(Object(CodeIgniter\Router\RouteCollection))
 4 APPPATH\Config\Routes.php(79): CodeIgniter\Router\RouteCollection->group('media', Object(Closure))
 5 SYSTEMPATH\Router\RouteCollection.php(799): CodeIgniter\Router\RouteCollection->{closure:C:\project\new_perumahan\app\Config\Routes.php:45}(Object(CodeIgniter\Router\RouteCollection))
 6 APPPATH\Config\Routes.php(45): CodeIgniter\Router\RouteCollection->group('admin', [...], Object(Closure))
 7 SYSTEMPATH\Router\RouteCollection.php(339): require('C:\\project\\new_perumahan\\app\\Config\\Routes.php')
 8 SYSTEMPATH\CodeIgniter.php(841): CodeIgniter\Router\RouteCollection->loadRoutes()
 9 SYSTEMPATH\CodeIgniter.php(464): CodeIgniter\CodeIgniter->tryToRouteIt(null)
10 SYSTEMPATH\CodeIgniter.php(363): CodeIgniter\CodeIgniter->handleRequest(null, Object(Config\Cache), false)
11 SYSTEMPATH\Boot.php(417): CodeIgniter\CodeIgniter->run()
12 SYSTEMPATH\Boot.php(68): CodeIgniter\Boot::runCodeIgniter(Object(CodeIgniter\CodeIgniter))
13 FCPATH\index.php(59): CodeIgniter\Boot::bootWeb(Object(Config\Paths))
14 SYSTEMPATH\rewrite.php(44): require_once('C:\\project\\new_perumahan\\public\\index.php')
DEBUG - 2026-09-21 10:02:00 --> Session: Class initialized using 'CodeIgniter\Session\Handlers\FileHandler' driver.
WARNING - 2026-09-21 10:02:07 --> [DEPRECATED] Passing lowercase HTTP method "get" is deprecated. Use uppercase HTTP method like "GET". in SYSTEMPATH\Router\RouteCollection.php on line 1026.
 1 SYSTEMPATH\Router\RouteCollection.php(1026): trigger_error('Passing lowercase HTTP method "get" is deprecated. Use uppercase HTTP method like "GET".', 16384)
 2 APPPATH\Config\Routes.php(83): CodeIgniter\Router\RouteCollection->match([...], 'connector', 'Admin\\Media::connector')
 3 SYSTEMPATH\Router\RouteCollection.php(799): CodeIgniter\Router\RouteCollection->{closure:{closure:C:\project\new_perumahan\app\Config\Routes.php:45}:79}(Object(CodeIgniter\Router\RouteCollection))
 4 APPPATH\Config\Routes.php(79): CodeIgniter\Router\RouteCollection->group('media', Object(Closure))
 5 SYSTEMPATH\Router\RouteCollection.php(799): CodeIgniter\Router\RouteCollection->{closure:C:\project\new_perumahan\app\Config\Routes.php:45}(Object(CodeIgniter\Router\RouteCollection))
 6 APPPATH\Config\Routes.php(45): CodeIgniter\Router\RouteCollection->group('admin', [...], Object(Closure))
 7 SYSTEMPATH\Router\RouteCollection.php(339): require('C:\\project\\new_perumahan\\app\\Config\\Routes.php')
 8 SYSTEMPATH\CodeIgniter.php(841): CodeIgniter\Router\RouteCollection->loadRoutes()
 9 SYSTEMPATH\CodeIgniter.php(464): CodeIgniter\CodeIgniter->tryToRouteIt(null)
10 SYSTEMPATH\CodeIgniter.php(363): CodeIgniter\CodeIgniter->handleRequest(null, Object(Config\Cache), false)
11 SYSTEMPATH\Boot.php(417): CodeIgniter\CodeIgniter->run()
12 SYSTEMPATH\Boot.php(68): CodeIgniter\Boot::runCodeIgniter(Object(CodeIgniter\CodeIgniter))
13 FCPATH\index.php(59): CodeIgniter\Boot::bootWeb(Object(Config\Paths))
14 SYSTEMPATH\rewrite.php(44): require_once('C:\\project\\new_perumahan\\public\\index.php')
WARNING - 2026-09-21 10:02:07 --> [DEPRECATED] Passing lowercase HTTP method "post" is deprecated. Use uppercase HTTP method like "POST". in SYSTEMPATH\Router\RouteCollection.php on line 1026.
 1 SYSTEMPATH\Router\RouteCollection.php(1026): trigger_error('Passing lowercase HTTP method "post" is deprecated. Use uppercase HTTP method like "POST".', 16384)
 2 APPPATH\Config\Routes.php(83): CodeIgniter\Router\RouteCollection->match([...], 'connector', 'Admin\\Media::connector')
 3 SYSTEMPATH\Router\RouteCollection.php(799): CodeIgniter\Router\RouteCollection->{closure:{closure:C:\project\new_perumahan\app\Config\Routes.php:45}:79}(Object(CodeIgniter\Router\RouteCollection))
 4 APPPATH\Config\Routes.php(79): CodeIgniter\Router\RouteCollection->group('media', Object(Closure))
 5 SYSTEMPATH\Router\RouteCollection.php(799): CodeIgniter\Router\RouteCollection->{closure:C:\project\new_perumahan\app\Config\Routes.php:45}(Object(CodeIgniter\Router\RouteCollection))
 6 APPPATH\Config\Routes.php(45): CodeIgniter\Router\RouteCollection->group('admin', [...], Object(Closure))
 7 SYSTEMPATH\Router\RouteCollection.php(339): require('C:\\project\\new_perumahan\\app\\Config\\Routes.php')
 8 SYSTEMPATH\CodeIgniter.php(841): CodeIgniter\Router\RouteCollection->loadRoutes()
 9 SYSTEMPATH\CodeIgniter.php(464): CodeIgniter\CodeIgniter->tryToRouteIt(null)
10 SYSTEMPATH\CodeIgniter.php(363): CodeIgniter\CodeIgniter->handleRequest(null, Object(Config\Cache), false)
11 SYSTEMPATH\Boot.php(417): CodeIgniter\CodeIgniter->run()
12 SYSTEMPATH\Boot.php(68): CodeIgniter\Boot::runCodeIgniter(Object(CodeIgniter\CodeIgniter))
13 FCPATH\index.php(59): CodeIgniter\Boot::bootWeb(Object(Config\Paths))
14 SYSTEMPATH\rewrite.php(44): require_once('C:\\project\\new_perumahan\\public\\index.php')
DEBUG - 2026-09-21 10:02:07 --> Session: Class initialized using 'CodeIgniter\Session\Handlers\FileHandler' driver.
WARNING - 2026-09-21 10:02:08 --> [DEPRECATED] Passing lowercase HTTP method "get" is deprecated. Use uppercase HTTP method like "GET". in SYSTEMPATH\Router\RouteCollection.php on line 1026.
 1 SYSTEMPATH\Router\RouteCollection.php(1026): trigger_error('Passing lowercase HTTP method "get" is deprecated. Use uppercase HTTP method like "GET".', 16384)
 2 APPPATH\Config\Routes.php(83): CodeIgniter\Router\RouteCollection->match([...], 'connector', 'Admin\\Media::connector')
 3 SYSTEMPATH\Router\RouteCollection.php(799): CodeIgniter\Router\RouteCollection->{closure:{closure:C:\project\new_perumahan\app\Config\Routes.php:45}:79}(Object(CodeIgniter\Router\RouteCollection))
 4 APPPATH\Config\Routes.php(79): CodeIgniter\Router\RouteCollection->group('media', Object(Closure))
 5 SYSTEMPATH\Router\RouteCollection.php(799): CodeIgniter\Router\RouteCollection->{closure:C:\project\new_perumahan\app\Config\Routes.php:45}(Object(CodeIgniter\Router\RouteCollection))
 6 APPPATH\Config\Routes.php(45): CodeIgniter\Router\RouteCollection->group('admin', [...], Object(Closure))
 7 SYSTEMPATH\Router\RouteCollection.php(339): require('C:\\project\\new_perumahan\\app\\Config\\Routes.php')
 8 SYSTEMPATH\CodeIgniter.php(841): CodeIgniter\Router\RouteCollection->loadRoutes()
 9 SYSTEMPATH\CodeIgniter.php(464): CodeIgniter\CodeIgniter->tryToRouteIt(null)
10 SYSTEMPATH\CodeIgniter.php(363): CodeIgniter\CodeIgniter->handleRequest(null, Object(Config\Cache), false)
11 SYSTEMPATH\Boot.php(417): CodeIgniter\CodeIgniter->run()
12 SYSTEMPATH\Boot.php(68): CodeIgniter\Boot::runCodeIgniter(Object(CodeIgniter\CodeIgniter))
13 FCPATH\index.php(59): CodeIgniter\Boot::bootWeb(Object(Config\Paths))
14 SYSTEMPATH\rewrite.php(44): require_once('C:\\project\\new_perumahan\\public\\index.php')
WARNING - 2026-09-21 10:02:08 --> [DEPRECATED] Passing lowercase HTTP method "post" is deprecated. Use uppercase HTTP method like "POST". in SYSTEMPATH\Router\RouteCollection.php on line 1026.
 1 SYSTEMPATH\Router\RouteCollection.php(1026): trigger_error('Passing lowercase HTTP method "post" is deprecated. Use uppercase HTTP method like "POST".', 16384)
 2 APPPATH\Config\Routes.php(83): CodeIgniter\Router\RouteCollection->match([...], 'connector', 'Admin\\Media::connector')
 3 SYSTEMPATH\Router\RouteCollection.php(799): CodeIgniter\Router\RouteCollection->{closure:{closure:C:\project\new_perumahan\app\Config\Routes.php:45}:79}(Object(CodeIgniter\Router\RouteCollection))
 4 APPPATH\Config\Routes.php(79): CodeIgniter\Router\RouteCollection->group('media', Object(Closure))
 5 SYSTEMPATH\Router\RouteCollection.php(799): CodeIgniter\Router\RouteCollection->{closure:C:\project\new_perumahan\app\Config\Routes.php:45}(Object(CodeIgniter\Router\RouteCollection))
 6 APPPATH\Config\Routes.php(45): CodeIgniter\Router\RouteCollection->group('admin', [...], Object(Closure))
 7 SYSTEMPATH\Router\RouteCollection.php(339): require('C:\\project\\new_perumahan\\app\\Config\\Routes.php')
 8 SYSTEMPATH\CodeIgniter.php(841): CodeIgniter\Router\RouteCollection->loadRoutes()
 9 SYSTEMPATH\CodeIgniter.php(464): CodeIgniter\CodeIgniter->tryToRouteIt(null)
10 SYSTEMPATH\CodeIgniter.php(363): CodeIgniter\CodeIgniter->handleRequest(null, Object(Config\Cache), false)
11 SYSTEMPATH\Boot.php(417): CodeIgniter\CodeIgniter->run()
12 SYSTEMPATH\Boot.php(68): CodeIgniter\Boot::runCodeIgniter(Object(CodeIgniter\CodeIgniter))
13 FCPATH\index.php(59): CodeIgniter\Boot::bootWeb(Object(Config\Paths))
14 SYSTEMPATH\rewrite.php(44): require_once('C:\\project\\new_perumahan\\public\\index.php')
DEBUG - 2026-09-21 10:02:08 --> Session: Class initialized using 'CodeIgniter\Session\Handlers\FileHandler' driver.
WARNING - 2026-09-21 10:02:22 --> [DEPRECATED] Passing lowercase HTTP method "get" is deprecated. Use uppercase HTTP method like "GET". in SYSTEMPATH\Router\RouteCollection.php on line 1026.
 1 SYSTEMPATH\Router\RouteCollection.php(1026): trigger_error('Passing lowercase HTTP method "get" is deprecated. Use uppercase HTTP method like "GET".', 16384)
 2 APPPATH\Config\Routes.php(83): CodeIgniter\Router\RouteCollection->match([...], 'connector', 'Admin\\Media::connector')
 3 SYSTEMPATH\Router\RouteCollection.php(799): CodeIgniter\Router\RouteCollection->{closure:{closure:C:\project\new_perumahan\app\Config\Routes.php:45}:79}(Object(CodeIgniter\Router\RouteCollection))
 4 APPPATH\Config\Routes.php(79): CodeIgniter\Router\RouteCollection->group('media', Object(Closure))
 5 SYSTEMPATH\Router\RouteCollection.php(799): CodeIgniter\Router\RouteCollection->{closure:C:\project\new_perumahan\app\Config\Routes.php:45}(Object(CodeIgniter\Router\RouteCollection))
 6 APPPATH\Config\Routes.php(45): CodeIgniter\Router\RouteCollection->group('admin', [...], Object(Closure))
 7 SYSTEMPATH\Router\RouteCollection.php(339): require('C:\\project\\new_perumahan\\app\\Config\\Routes.php')
 8 SYSTEMPATH\CodeIgniter.php(841): CodeIgniter\Router\RouteCollection->loadRoutes()
 9 SYSTEMPATH\CodeIgniter.php(464): CodeIgniter\CodeIgniter->tryToRouteIt(null)
10 SYSTEMPATH\CodeIgniter.php(363): CodeIgniter\CodeIgniter->handleRequest(null, Object(Config\Cache), false)
11 SYSTEMPATH\Boot.php(417): CodeIgniter\CodeIgniter->run()
12 SYSTEMPATH\Boot.php(68): CodeIgniter\Boot::runCodeIgniter(Object(CodeIgniter\CodeIgniter))
13 FCPATH\index.php(59): CodeIgniter\Boot::bootWeb(Object(Config\Paths))
14 SYSTEMPATH\rewrite.php(44): require_once('C:\\project\\new_perumahan\\public\\index.php')
WARNING - 2026-09-21 10:02:22 --> [DEPRECATED] Passing lowercase HTTP method "post" is deprecated. Use uppercase HTTP method like "POST". in SYSTEMPATH\Router\RouteCollection.php on line 1026.
 1 SYSTEMPATH\Router\RouteCollection.php(1026): trigger_error('Passing lowercase HTTP method "post" is deprecated. Use uppercase HTTP method like "POST".', 16384)
 2 APPPATH\Config\Routes.php(83): CodeIgniter\Router\RouteCollection->match([...], 'connector', 'Admin\\Media::connector')
 3 SYSTEMPATH\Router\RouteCollection.php(799): CodeIgniter\Router\RouteCollection->{closure:{closure:C:\project\new_perumahan\app\Config\Routes.php:45}:79}(Object(CodeIgniter\Router\RouteCollection))
 4 APPPATH\Config\Routes.php(79): CodeIgniter\Router\RouteCollection->group('media', Object(Closure))
 5 SYSTEMPATH\Router\RouteCollection.php(799): CodeIgniter\Router\RouteCollection->{closure:C:\project\new_perumahan\app\Config\Routes.php:45}(Object(CodeIgniter\Router\RouteCollection))
 6 APPPATH\Config\Routes.php(45): CodeIgniter\Router\RouteCollection->group('admin', [...], Object(Closure))
 7 SYSTEMPATH\Router\RouteCollection.php(339): require('C:\\project\\new_perumahan\\app\\Config\\Routes.php')
 8 SYSTEMPATH\CodeIgniter.php(841): CodeIgniter\Router\RouteCollection->loadRoutes()
 9 SYSTEMPATH\CodeIgniter.php(464): CodeIgniter\CodeIgniter->tryToRouteIt(null)
10 SYSTEMPATH\CodeIgniter.php(363): CodeIgniter\CodeIgniter->handleRequest(null, Object(Config\Cache), false)
11 SYSTEMPATH\Boot.php(417): CodeIgniter\CodeIgniter->run()
12 SYSTEMPATH\Boot.php(68): CodeIgniter\Boot::runCodeIgniter(Object(CodeIgniter\CodeIgniter))
13 FCPATH\index.php(59): CodeIgniter\Boot::bootWeb(Object(Config\Paths))
14 SYSTEMPATH\rewrite.php(44): require_once('C:\\project\\new_perumahan\\public\\index.php')
DEBUG - 2026-09-21 10:02:22 --> Session: Class initialized using 'CodeIgniter\Session\Handlers\FileHandler' driver.
WARNING - 2026-09-21 10:02:23 --> [DEPRECATED] Passing lowercase HTTP method "get" is deprecated. Use uppercase HTTP method like "GET". in SYSTEMPATH\Router\RouteCollection.php on line 1026.
 1 SYSTEMPATH\Router\RouteCollection.php(1026): trigger_error('Passing lowercase HTTP method "get" is deprecated. Use uppercase HTTP method like "GET".', 16384)
 2 APPPATH\Config\Routes.php(83): CodeIgniter\Router\RouteCollection->match([...], 'connector', 'Admin\\Media::connector')
 3 SYSTEMPATH\Router\RouteCollection.php(799): CodeIgniter\Router\RouteCollection->{closure:{closure:C:\project\new_perumahan\app\Config\Routes.php:45}:79}(Object(CodeIgniter\Router\RouteCollection))
 4 APPPATH\Config\Routes.php(79): CodeIgniter\Router\RouteCollection->group('media', Object(Closure))
 5 SYSTEMPATH\Router\RouteCollection.php(799): CodeIgniter\Router\RouteCollection->{closure:C:\project\new_perumahan\app\Config\Routes.php:45}(Object(CodeIgniter\Router\RouteCollection))
 6 APPPATH\Config\Routes.php(45): CodeIgniter\Router\RouteCollection->group('admin', [...], Object(Closure))
 7 SYSTEMPATH\Router\RouteCollection.php(339): require('C:\\project\\new_perumahan\\app\\Config\\Routes.php')
 8 SYSTEMPATH\CodeIgniter.php(841): CodeIgniter\Router\RouteCollection->loadRoutes()
 9 SYSTEMPATH\CodeIgniter.php(464): CodeIgniter\CodeIgniter->tryToRouteIt(null)
10 SYSTEMPATH\CodeIgniter.php(363): CodeIgniter\CodeIgniter->handleRequest(null, Object(Config\Cache), false)
11 SYSTEMPATH\Boot.php(417): CodeIgniter\CodeIgniter->run()
12 SYSTEMPATH\Boot.php(68): CodeIgniter\Boot::runCodeIgniter(Object(CodeIgniter\CodeIgniter))
13 FCPATH\index.php(59): CodeIgniter\Boot::bootWeb(Object(Config\Paths))
14 SYSTEMPATH\rewrite.php(44): require_once('C:\\project\\new_perumahan\\public\\index.php')
WARNING - 2026-09-21 10:02:23 --> [DEPRECATED] Passing lowercase HTTP method "post" is deprecated. Use uppercase HTTP method like "POST". in SYSTEMPATH\Router\RouteCollection.php on line 1026.
 1 SYSTEMPATH\Router\RouteCollection.php(1026): trigger_error('Passing lowercase HTTP method "post" is deprecated. Use uppercase HTTP method like "POST".', 16384)
 2 APPPATH\Config\Routes.php(83): CodeIgniter\Router\RouteCollection->match([...], 'connector', 'Admin\\Media::connector')
 3 SYSTEMPATH\Router\RouteCollection.php(799): CodeIgniter\Router\RouteCollection->{closure:{closure:C:\project\new_perumahan\app\Config\Routes.php:45}:79}(Object(CodeIgniter\Router\RouteCollection))
 4 APPPATH\Config\Routes.php(79): CodeIgniter\Router\RouteCollection->group('media', Object(Closure))
 5 SYSTEMPATH\Router\RouteCollection.php(799): CodeIgniter\Router\RouteCollection->{closure:C:\project\new_perumahan\app\Config\Routes.php:45}(Object(CodeIgniter\Router\RouteCollection))
 6 APPPATH\Config\Routes.php(45): CodeIgniter\Router\RouteCollection->group('admin', [...], Object(Closure))
 7 SYSTEMPATH\Router\RouteCollection.php(339): require('C:\\project\\new_perumahan\\app\\Config\\Routes.php')
 8 SYSTEMPATH\CodeIgniter.php(841): CodeIgniter\Router\RouteCollection->loadRoutes()
 9 SYSTEMPATH\CodeIgniter.php(464): CodeIgniter\CodeIgniter->tryToRouteIt(null)
10 SYSTEMPATH\CodeIgniter.php(363): CodeIgniter\CodeIgniter->handleRequest(null, Object(Config\Cache), false)
11 SYSTEMPATH\Boot.php(417): CodeIgniter\CodeIgniter->run()
12 SYSTEMPATH\Boot.php(68): CodeIgniter\Boot::runCodeIgniter(Object(CodeIgniter\CodeIgniter))
13 FCPATH\index.php(59): CodeIgniter\Boot::bootWeb(Object(Config\Paths))
14 SYSTEMPATH\rewrite.php(44): require_once('C:\\project\\new_perumahan\\public\\index.php')
DEBUG - 2026-09-21 10:02:23 --> Session: Class initialized using 'CodeIgniter\Session\Handlers\FileHandler' driver.
WARNING - 2026-09-21 10:02:29 --> [DEPRECATED] Passing lowercase HTTP method "get" is deprecated. Use uppercase HTTP method like "GET". in SYSTEMPATH\Router\RouteCollection.php on line 1026.
 1 SYSTEMPATH\Router\RouteCollection.php(1026): trigger_error('Passing lowercase HTTP method "get" is deprecated. Use uppercase HTTP method like "GET".', 16384)
 2 APPPATH\Config\Routes.php(83): CodeIgniter\Router\RouteCollection->match([...], 'connector', 'Admin\\Media::connector')
 3 SYSTEMPATH\Router\RouteCollection.php(799): CodeIgniter\Router\RouteCollection->{closure:{closure:C:\project\new_perumahan\app\Config\Routes.php:45}:79}(Object(CodeIgniter\Router\RouteCollection))
 4 APPPATH\Config\Routes.php(79): CodeIgniter\Router\RouteCollection->group('media', Object(Closure))
 5 SYSTEMPATH\Router\RouteCollection.php(799): CodeIgniter\Router\RouteCollection->{closure:C:\project\new_perumahan\app\Config\Routes.php:45}(Object(CodeIgniter\Router\RouteCollection))
 6 APPPATH\Config\Routes.php(45): CodeIgniter\Router\RouteCollection->group('admin', [...], Object(Closure))
 7 SYSTEMPATH\Router\RouteCollection.php(339): require('C:\\project\\new_perumahan\\app\\Config\\Routes.php')
 8 SYSTEMPATH\CodeIgniter.php(841): CodeIgniter\Router\RouteCollection->loadRoutes()
 9 SYSTEMPATH\CodeIgniter.php(464): CodeIgniter\CodeIgniter->tryToRouteIt(null)
10 SYSTEMPATH\CodeIgniter.php(363): CodeIgniter\CodeIgniter->handleRequest(null, Object(Config\Cache), false)
11 SYSTEMPATH\Boot.php(417): CodeIgniter\CodeIgniter->run()
12 SYSTEMPATH\Boot.php(68): CodeIgniter\Boot::runCodeIgniter(Object(CodeIgniter\CodeIgniter))
13 FCPATH\index.php(59): CodeIgniter\Boot::bootWeb(Object(Config\Paths))
14 SYSTEMPATH\rewrite.php(44): require_once('C:\\project\\new_perumahan\\public\\index.php')
WARNING - 2026-09-21 10:02:29 --> [DEPRECATED] Passing lowercase HTTP method "post" is deprecated. Use uppercase HTTP method like "POST". in SYSTEMPATH\Router\RouteCollection.php on line 1026.
 1 SYSTEMPATH\Router\RouteCollection.php(1026): trigger_error('Passing lowercase HTTP method "post" is deprecated. Use uppercase HTTP method like "POST".', 16384)
 2 APPPATH\Config\Routes.php(83): CodeIgniter\Router\RouteCollection->match([...], 'connector', 'Admin\\Media::connector')
 3 SYSTEMPATH\Router\RouteCollection.php(799): CodeIgniter\Router\RouteCollection->{closure:{closure:C:\project\new_perumahan\app\Config\Routes.php:45}:79}(Object(CodeIgniter\Router\RouteCollection))
 4 APPPATH\Config\Routes.php(79): CodeIgniter\Router\RouteCollection->group('media', Object(Closure))
 5 SYSTEMPATH\Router\RouteCollection.php(799): CodeIgniter\Router\RouteCollection->{closure:C:\project\new_perumahan\app\Config\Routes.php:45}(Object(CodeIgniter\Router\RouteCollection))
 6 APPPATH\Config\Routes.php(45): CodeIgniter\Router\RouteCollection->group('admin', [...], Object(Closure))
 7 SYSTEMPATH\Router\RouteCollection.php(339): require('C:\\project\\new_perumahan\\app\\Config\\Routes.php')
 8 SYSTEMPATH\CodeIgniter.php(841): CodeIgniter\Router\RouteCollection->loadRoutes()
 9 SYSTEMPATH\CodeIgniter.php(464): CodeIgniter\CodeIgniter->tryToRouteIt(null)
10 SYSTEMPATH\CodeIgniter.php(363): CodeIgniter\CodeIgniter->handleRequest(null, Object(Config\Cache), false)
11 SYSTEMPATH\Boot.php(417): CodeIgniter\CodeIgniter->run()
12 SYSTEMPATH\Boot.php(68): CodeIgniter\Boot::runCodeIgniter(Object(CodeIgniter\CodeIgniter))
13 FCPATH\index.php(59): CodeIgniter\Boot::bootWeb(Object(Config\Paths))
14 SYSTEMPATH\rewrite.php(44): require_once('C:\\project\\new_perumahan\\public\\index.php')
DEBUG - 2026-09-21 10:02:29 --> Session: Class initialized using 'CodeIgniter\Session\Handlers\FileHandler' driver.
WARNING - 2026-09-21 10:02:30 --> [DEPRECATED] Passing lowercase HTTP method "get" is deprecated. Use uppercase HTTP method like "GET". in SYSTEMPATH\Router\RouteCollection.php on line 1026.
 1 SYSTEMPATH\Router\RouteCollection.php(1026): trigger_error('Passing lowercase HTTP method "get" is deprecated. Use uppercase HTTP method like "GET".', 16384)
 2 APPPATH\Config\Routes.php(83): CodeIgniter\Router\RouteCollection->match([...], 'connector', 'Admin\\Media::connector')
 3 SYSTEMPATH\Router\RouteCollection.php(799): CodeIgniter\Router\RouteCollection->{closure:{closure:C:\project\new_perumahan\app\Config\Routes.php:45}:79}(Object(CodeIgniter\Router\RouteCollection))
 4 APPPATH\Config\Routes.php(79): CodeIgniter\Router\RouteCollection->group('media', Object(Closure))
 5 SYSTEMPATH\Router\RouteCollection.php(799): CodeIgniter\Router\RouteCollection->{closure:C:\project\new_perumahan\app\Config\Routes.php:45}(Object(CodeIgniter\Router\RouteCollection))
 6 APPPATH\Config\Routes.php(45): CodeIgniter\Router\RouteCollection->group('admin', [...], Object(Closure))
 7 SYSTEMPATH\Router\RouteCollection.php(339): require('C:\\project\\new_perumahan\\app\\Config\\Routes.php')
 8 SYSTEMPATH\CodeIgniter.php(841): CodeIgniter\Router\RouteCollection->loadRoutes()
 9 SYSTEMPATH\CodeIgniter.php(464): CodeIgniter\CodeIgniter->tryToRouteIt(null)
10 SYSTEMPATH\CodeIgniter.php(363): CodeIgniter\CodeIgniter->handleRequest(null, Object(Config\Cache), false)
11 SYSTEMPATH\Boot.php(417): CodeIgniter\CodeIgniter->run()
12 SYSTEMPATH\Boot.php(68): CodeIgniter\Boot::runCodeIgniter(Object(CodeIgniter\CodeIgniter))
13 FCPATH\index.php(59): CodeIgniter\Boot::bootWeb(Object(Config\Paths))
14 SYSTEMPATH\rewrite.php(44): require_once('C:\\project\\new_perumahan\\public\\index.php')
WARNING - 2026-09-21 10:02:30 --> [DEPRECATED] Passing lowercase HTTP method "post" is deprecated. Use uppercase HTTP method like "POST". in SYSTEMPATH\Router\RouteCollection.php on line 1026.
 1 SYSTEMPATH\Router\RouteCollection.php(1026): trigger_error('Passing lowercase HTTP method "post" is deprecated. Use uppercase HTTP method like "POST".', 16384)
 2 APPPATH\Config\Routes.php(83): CodeIgniter\Router\RouteCollection->match([...], 'connector', 'Admin\\Media::connector')
 3 SYSTEMPATH\Router\RouteCollection.php(799): CodeIgniter\Router\RouteCollection->{closure:{closure:C:\project\new_perumahan\app\Config\Routes.php:45}:79}(Object(CodeIgniter\Router\RouteCollection))
 4 APPPATH\Config\Routes.php(79): CodeIgniter\Router\RouteCollection->group('media', Object(Closure))
 5 SYSTEMPATH\Router\RouteCollection.php(799): CodeIgniter\Router\RouteCollection->{closure:C:\project\new_perumahan\app\Config\Routes.php:45}(Object(CodeIgniter\Router\RouteCollection))
 6 APPPATH\Config\Routes.php(45): CodeIgniter\Router\RouteCollection->group('admin', [...], Object(Closure))
 7 SYSTEMPATH\Router\RouteCollection.php(339): require('C:\\project\\new_perumahan\\app\\Config\\Routes.php')
 8 SYSTEMPATH\CodeIgniter.php(841): CodeIgniter\Router\RouteCollection->loadRoutes()
 9 SYSTEMPATH\CodeIgniter.php(464): CodeIgniter\CodeIgniter->tryToRouteIt(null)
10 SYSTEMPATH\CodeIgniter.php(363): CodeIgniter\CodeIgniter->handleRequest(null, Object(Config\Cache), false)
11 SYSTEMPATH\Boot.php(417): CodeIgniter\CodeIgniter->run()
12 SYSTEMPATH\Boot.php(68): CodeIgniter\Boot::runCodeIgniter(Object(CodeIgniter\CodeIgniter))
13 FCPATH\index.php(59): CodeIgniter\Boot::bootWeb(Object(Config\Paths))
14 SYSTEMPATH\rewrite.php(44): require_once('C:\\project\\new_perumahan\\public\\index.php')
DEBUG - 2026-09-21 10:02:30 --> Session: Class initialized using 'CodeIgniter\Session\Handlers\FileHandler' driver.
WARNING - 2026-09-21 10:02:35 --> [DEPRECATED] Passing lowercase HTTP method "get" is deprecated. Use uppercase HTTP method like "GET". in SYSTEMPATH\Router\RouteCollection.php on line 1026.
 1 SYSTEMPATH\Router\RouteCollection.php(1026): trigger_error('Passing lowercase HTTP method "get" is deprecated. Use uppercase HTTP method like "GET".', 16384)
 2 APPPATH\Config\Routes.php(83): CodeIgniter\Router\RouteCollection->match([...], 'connector', 'Admin\\Media::connector')
 3 SYSTEMPATH\Router\RouteCollection.php(799): CodeIgniter\Router\RouteCollection->{closure:{closure:C:\project\new_perumahan\app\Config\Routes.php:45}:79}(Object(CodeIgniter\Router\RouteCollection))
 4 APPPATH\Config\Routes.php(79): CodeIgniter\Router\RouteCollection->group('media', Object(Closure))
 5 SYSTEMPATH\Router\RouteCollection.php(799): CodeIgniter\Router\RouteCollection->{closure:C:\project\new_perumahan\app\Config\Routes.php:45}(Object(CodeIgniter\Router\RouteCollection))
 6 APPPATH\Config\Routes.php(45): CodeIgniter\Router\RouteCollection->group('admin', [...], Object(Closure))
 7 SYSTEMPATH\Router\RouteCollection.php(339): require('C:\\project\\new_perumahan\\app\\Config\\Routes.php')
 8 SYSTEMPATH\CodeIgniter.php(841): CodeIgniter\Router\RouteCollection->loadRoutes()
 9 SYSTEMPATH\CodeIgniter.php(464): CodeIgniter\CodeIgniter->tryToRouteIt(null)
10 SYSTEMPATH\CodeIgniter.php(363): CodeIgniter\CodeIgniter->handleRequest(null, Object(Config\Cache), false)
11 SYSTEMPATH\Boot.php(417): CodeIgniter\CodeIgniter->run()
12 SYSTEMPATH\Boot.php(68): CodeIgniter\Boot::runCodeIgniter(Object(CodeIgniter\CodeIgniter))
13 FCPATH\index.php(59): CodeIgniter\Boot::bootWeb(Object(Config\Paths))
14 SYSTEMPATH\rewrite.php(44): require_once('C:\\project\\new_perumahan\\public\\index.php')
WARNING - 2026-09-21 10:02:35 --> [DEPRECATED] Passing lowercase HTTP method "post" is deprecated. Use uppercase HTTP method like "POST". in SYSTEMPATH\Router\RouteCollection.php on line 1026.
 1 SYSTEMPATH\Router\RouteCollection.php(1026): trigger_error('Passing lowercase HTTP method "post" is deprecated. Use uppercase HTTP method like "POST".', 16384)
 2 APPPATH\Config\Routes.php(83): CodeIgniter\Router\RouteCollection->match([...], 'connector', 'Admin\\Media::connector')
 3 SYSTEMPATH\Router\RouteCollection.php(799): CodeIgniter\Router\RouteCollection->{closure:{closure:C:\project\new_perumahan\app\Config\Routes.php:45}:79}(Object(CodeIgniter\Router\RouteCollection))
 4 APPPATH\Config\Routes.php(79): CodeIgniter\Router\RouteCollection->group('media', Object(Closure))
 5 SYSTEMPATH\Router\RouteCollection.php(799): CodeIgniter\Router\RouteCollection->{closure:C:\project\new_perumahan\app\Config\Routes.php:45}(Object(CodeIgniter\Router\RouteCollection))
 6 APPPATH\Config\Routes.php(45): CodeIgniter\Router\RouteCollection->group('admin', [...], Object(Closure))
 7 SYSTEMPATH\Router\RouteCollection.php(339): require('C:\\project\\new_perumahan\\app\\Config\\Routes.php')
 8 SYSTEMPATH\CodeIgniter.php(841): CodeIgniter\Router\RouteCollection->loadRoutes()
 9 SYSTEMPATH\CodeIgniter.php(464): CodeIgniter\CodeIgniter->tryToRouteIt(null)
10 SYSTEMPATH\CodeIgniter.php(363): CodeIgniter\CodeIgniter->handleRequest(null, Object(Config\Cache), false)
11 SYSTEMPATH\Boot.php(417): CodeIgniter\CodeIgniter->run()
12 SYSTEMPATH\Boot.php(68): CodeIgniter\Boot::runCodeIgniter(Object(CodeIgniter\CodeIgniter))
13 FCPATH\index.php(59): CodeIgniter\Boot::bootWeb(Object(Config\Paths))
14 SYSTEMPATH\rewrite.php(44): require_once('C:\\project\\new_perumahan\\public\\index.php')
DEBUG - 2026-09-21 10:02:35 --> Session: Class initialized using 'CodeIgniter\Session\Handlers\FileHandler' driver.
WARNING - 2026-09-21 10:02:54 --> [DEPRECATED] Passing lowercase HTTP method "get" is deprecated. Use uppercase HTTP method like "GET". in SYSTEMPATH\Router\RouteCollection.php on line 1026.
 1 SYSTEMPATH\Router\RouteCollection.php(1026): trigger_error('Passing lowercase HTTP method "get" is deprecated. Use uppercase HTTP method like "GET".', 16384)
 2 APPPATH\Config\Routes.php(83): CodeIgniter\Router\RouteCollection->match([...], 'connector', 'Admin\\Media::connector')
 3 SYSTEMPATH\Router\RouteCollection.php(799): CodeIgniter\Router\RouteCollection->{closure:{closure:C:\project\new_perumahan\app\Config\Routes.php:45}:79}(Object(CodeIgniter\Router\RouteCollection))
 4 APPPATH\Config\Routes.php(79): CodeIgniter\Router\RouteCollection->group('media', Object(Closure))
 5 SYSTEMPATH\Router\RouteCollection.php(799): CodeIgniter\Router\RouteCollection->{closure:C:\project\new_perumahan\app\Config\Routes.php:45}(Object(CodeIgniter\Router\RouteCollection))
 6 APPPATH\Config\Routes.php(45): CodeIgniter\Router\RouteCollection->group('admin', [...], Object(Closure))
 7 SYSTEMPATH\Router\RouteCollection.php(339): require('C:\\project\\new_perumahan\\app\\Config\\Routes.php')
 8 SYSTEMPATH\CodeIgniter.php(841): CodeIgniter\Router\RouteCollection->loadRoutes()
 9 SYSTEMPATH\CodeIgniter.php(464): CodeIgniter\CodeIgniter->tryToRouteIt(null)
10 SYSTEMPATH\CodeIgniter.php(363): CodeIgniter\CodeIgniter->handleRequest(null, Object(Config\Cache), false)
11 SYSTEMPATH\Boot.php(417): CodeIgniter\CodeIgniter->run()
12 SYSTEMPATH\Boot.php(68): CodeIgniter\Boot::runCodeIgniter(Object(CodeIgniter\CodeIgniter))
13 FCPATH\index.php(59): CodeIgniter\Boot::bootWeb(Object(Config\Paths))
14 SYSTEMPATH\rewrite.php(44): require_once('C:\\project\\new_perumahan\\public\\index.php')
WARNING - 2026-09-21 10:02:54 --> [DEPRECATED] Passing lowercase HTTP method "post" is deprecated. Use uppercase HTTP method like "POST". in SYSTEMPATH\Router\RouteCollection.php on line 1026.
 1 SYSTEMPATH\Router\RouteCollection.php(1026): trigger_error('Passing lowercase HTTP method "post" is deprecated. Use uppercase HTTP method like "POST".', 16384)
 2 APPPATH\Config\Routes.php(83): CodeIgniter\Router\RouteCollection->match([...], 'connector', 'Admin\\Media::connector')
 3 SYSTEMPATH\Router\RouteCollection.php(799): CodeIgniter\Router\RouteCollection->{closure:{closure:C:\project\new_perumahan\app\Config\Routes.php:45}:79}(Object(CodeIgniter\Router\RouteCollection))
 4 APPPATH\Config\Routes.php(79): CodeIgniter\Router\RouteCollection->group('media', Object(Closure))
 5 SYSTEMPATH\Router\RouteCollection.php(799): CodeIgniter\Router\RouteCollection->{closure:C:\project\new_perumahan\app\Config\Routes.php:45}(Object(CodeIgniter\Router\RouteCollection))
 6 APPPATH\Config\Routes.php(45): CodeIgniter\Router\RouteCollection->group('admin', [...], Object(Closure))
 7 SYSTEMPATH\Router\RouteCollection.php(339): require('C:\\project\\new_perumahan\\app\\Config\\Routes.php')
 8 SYSTEMPATH\CodeIgniter.php(841): CodeIgniter\Router\RouteCollection->loadRoutes()
 9 SYSTEMPATH\CodeIgniter.php(464): CodeIgniter\CodeIgniter->tryToRouteIt(null)
10 SYSTEMPATH\CodeIgniter.php(363): CodeIgniter\CodeIgniter->handleRequest(null, Object(Config\Cache), false)
11 SYSTEMPATH\Boot.php(417): CodeIgniter\CodeIgniter->run()
12 SYSTEMPATH\Boot.php(68): CodeIgniter\Boot::runCodeIgniter(Object(CodeIgniter\CodeIgniter))
13 FCPATH\index.php(59): CodeIgniter\Boot::bootWeb(Object(Config\Paths))
14 SYSTEMPATH\rewrite.php(44): require_once('C:\\project\\new_perumahan\\public\\index.php')
DEBUG - 2026-09-21 10:02:54 --> Session: Class initialized using 'CodeIgniter\Session\Handlers\FileHandler' driver.
WARNING - 2026-09-21 10:02:55 --> [DEPRECATED] Passing lowercase HTTP method "get" is deprecated. Use uppercase HTTP method like "GET". in SYSTEMPATH\Router\RouteCollection.php on line 1026.
 1 SYSTEMPATH\Router\RouteCollection.php(1026): trigger_error('Passing lowercase HTTP method "get" is deprecated. Use uppercase HTTP method like "GET".', 16384)
 2 APPPATH\Config\Routes.php(83): CodeIgniter\Router\RouteCollection->match([...], 'connector', 'Admin\\Media::connector')
 3 SYSTEMPATH\Router\RouteCollection.php(799): CodeIgniter\Router\RouteCollection->{closure:{closure:C:\project\new_perumahan\app\Config\Routes.php:45}:79}(Object(CodeIgniter\Router\RouteCollection))
 4 APPPATH\Config\Routes.php(79): CodeIgniter\Router\RouteCollection->group('media', Object(Closure))
 5 SYSTEMPATH\Router\RouteCollection.php(799): CodeIgniter\Router\RouteCollection->{closure:C:\project\new_perumahan\app\Config\Routes.php:45}(Object(CodeIgniter\Router\RouteCollection))
 6 APPPATH\Config\Routes.php(45): CodeIgniter\Router\RouteCollection->group('admin', [...], Object(Closure))
 7 SYSTEMPATH\Router\RouteCollection.php(339): require('C:\\project\\new_perumahan\\app\\Config\\Routes.php')
 8 SYSTEMPATH\CodeIgniter.php(841): CodeIgniter\Router\RouteCollection->loadRoutes()
 9 SYSTEMPATH\CodeIgniter.php(464): CodeIgniter\CodeIgniter->tryToRouteIt(null)
10 SYSTEMPATH\CodeIgniter.php(363): CodeIgniter\CodeIgniter->handleRequest(null, Object(Config\Cache), false)
11 SYSTEMPATH\Boot.php(417): CodeIgniter\CodeIgniter->run()
12 SYSTEMPATH\Boot.php(68): CodeIgniter\Boot::runCodeIgniter(Object(CodeIgniter\CodeIgniter))
13 FCPATH\index.php(59): CodeIgniter\Boot::bootWeb(Object(Config\Paths))
14 SYSTEMPATH\rewrite.php(44): require_once('C:\\project\\new_perumahan\\public\\index.php')
WARNING - 2026-09-21 10:02:55 --> [DEPRECATED] Passing lowercase HTTP method "post" is deprecated. Use uppercase HTTP method like "POST". in SYSTEMPATH\Router\RouteCollection.php on line 1026.
 1 SYSTEMPATH\Router\RouteCollection.php(1026): trigger_error('Passing lowercase HTTP method "post" is deprecated. Use uppercase HTTP method like "POST".', 16384)
 2 APPPATH\Config\Routes.php(83): CodeIgniter\Router\RouteCollection->match([...], 'connector', 'Admin\\Media::connector')
 3 SYSTEMPATH\Router\RouteCollection.php(799): CodeIgniter\Router\RouteCollection->{closure:{closure:C:\project\new_perumahan\app\Config\Routes.php:45}:79}(Object(CodeIgniter\Router\RouteCollection))
 4 APPPATH\Config\Routes.php(79): CodeIgniter\Router\RouteCollection->group('media', Object(Closure))
 5 SYSTEMPATH\Router\RouteCollection.php(799): CodeIgniter\Router\RouteCollection->{closure:C:\project\new_perumahan\app\Config\Routes.php:45}(Object(CodeIgniter\Router\RouteCollection))
 6 APPPATH\Config\Routes.php(45): CodeIgniter\Router\RouteCollection->group('admin', [...], Object(Closure))
 7 SYSTEMPATH\Router\RouteCollection.php(339): require('C:\\project\\new_perumahan\\app\\Config\\Routes.php')
 8 SYSTEMPATH\CodeIgniter.php(841): CodeIgniter\Router\RouteCollection->loadRoutes()
 9 SYSTEMPATH\CodeIgniter.php(464): CodeIgniter\CodeIgniter->tryToRouteIt(null)
10 SYSTEMPATH\CodeIgniter.php(363): CodeIgniter\CodeIgniter->handleRequest(null, Object(Config\Cache), false)
11 SYSTEMPATH\Boot.php(417): CodeIgniter\CodeIgniter->run()
12 SYSTEMPATH\Boot.php(68): CodeIgniter\Boot::runCodeIgniter(Object(CodeIgniter\CodeIgniter))
13 FCPATH\index.php(59): CodeIgniter\Boot::bootWeb(Object(Config\Paths))
14 SYSTEMPATH\rewrite.php(44): require_once('C:\\project\\new_perumahan\\public\\index.php')
DEBUG - 2026-09-21 10:02:55 --> Session: Class initialized using 'CodeIgniter\Session\Handlers\FileHandler' driver.
WARNING - 2026-09-21 10:03:01 --> [DEPRECATED] Passing lowercase HTTP method "get" is deprecated. Use uppercase HTTP method like "GET". in SYSTEMPATH\Router\RouteCollection.php on line 1026.
 1 SYSTEMPATH\Router\RouteCollection.php(1026): trigger_error('Passing lowercase HTTP method "get" is deprecated. Use uppercase HTTP method like "GET".', 16384)
 2 APPPATH\Config\Routes.php(83): CodeIgniter\Router\RouteCollection->match([...], 'connector', 'Admin\\Media::connector')
 3 SYSTEMPATH\Router\RouteCollection.php(799): CodeIgniter\Router\RouteCollection->{closure:{closure:C:\project\new_perumahan\app\Config\Routes.php:45}:79}(Object(CodeIgniter\Router\RouteCollection))
 4 APPPATH\Config\Routes.php(79): CodeIgniter\Router\RouteCollection->group('media', Object(Closure))
 5 SYSTEMPATH\Router\RouteCollection.php(799): CodeIgniter\Router\RouteCollection->{closure:C:\project\new_perumahan\app\Config\Routes.php:45}(Object(CodeIgniter\Router\RouteCollection))
 6 APPPATH\Config\Routes.php(45): CodeIgniter\Router\RouteCollection->group('admin', [...], Object(Closure))
 7 SYSTEMPATH\Router\RouteCollection.php(339): require('C:\\project\\new_perumahan\\app\\Config\\Routes.php')
 8 SYSTEMPATH\CodeIgniter.php(841): CodeIgniter\Router\RouteCollection->loadRoutes()
 9 SYSTEMPATH\CodeIgniter.php(464): CodeIgniter\CodeIgniter->tryToRouteIt(null)
10 SYSTEMPATH\CodeIgniter.php(363): CodeIgniter\CodeIgniter->handleRequest(null, Object(Config\Cache), false)
11 SYSTEMPATH\Boot.php(417): CodeIgniter\CodeIgniter->run()
12 SYSTEMPATH\Boot.php(68): CodeIgniter\Boot::runCodeIgniter(Object(CodeIgniter\CodeIgniter))
13 FCPATH\index.php(59): CodeIgniter\Boot::bootWeb(Object(Config\Paths))
14 SYSTEMPATH\rewrite.php(44): require_once('C:\\project\\new_perumahan\\public\\index.php')
WARNING - 2026-09-21 10:03:01 --> [DEPRECATED] Passing lowercase HTTP method "post" is deprecated. Use uppercase HTTP method like "POST". in SYSTEMPATH\Router\RouteCollection.php on line 1026.
 1 SYSTEMPATH\Router\RouteCollection.php(1026): trigger_error('Passing lowercase HTTP method "post" is deprecated. Use uppercase HTTP method like "POST".', 16384)
 2 APPPATH\Config\Routes.php(83): CodeIgniter\Router\RouteCollection->match([...], 'connector', 'Admin\\Media::connector')
 3 SYSTEMPATH\Router\RouteCollection.php(799): CodeIgniter\Router\RouteCollection->{closure:{closure:C:\project\new_perumahan\app\Config\Routes.php:45}:79}(Object(CodeIgniter\Router\RouteCollection))
 4 APPPATH\Config\Routes.php(79): CodeIgniter\Router\RouteCollection->group('media', Object(Closure))
 5 SYSTEMPATH\Router\RouteCollection.php(799): CodeIgniter\Router\RouteCollection->{closure:C:\project\new_perumahan\app\Config\Routes.php:45}(Object(CodeIgniter\Router\RouteCollection))
 6 APPPATH\Config\Routes.php(45): CodeIgniter\Router\RouteCollection->group('admin', [...], Object(Closure))
 7 SYSTEMPATH\Router\RouteCollection.php(339): require('C:\\project\\new_perumahan\\app\\Config\\Routes.php')
 8 SYSTEMPATH\CodeIgniter.php(841): CodeIgniter\Router\RouteCollection->loadRoutes()
 9 SYSTEMPATH\CodeIgniter.php(464): CodeIgniter\CodeIgniter->tryToRouteIt(null)
10 SYSTEMPATH\CodeIgniter.php(363): CodeIgniter\CodeIgniter->handleRequest(null, Object(Config\Cache), false)
11 SYSTEMPATH\Boot.php(417): CodeIgniter\CodeIgniter->run()
12 SYSTEMPATH\Boot.php(68): CodeIgniter\Boot::runCodeIgniter(Object(CodeIgniter\CodeIgniter))
13 FCPATH\index.php(59): CodeIgniter\Boot::bootWeb(Object(Config\Paths))
14 SYSTEMPATH\rewrite.php(44): require_once('C:\\project\\new_perumahan\\public\\index.php')
DEBUG - 2026-09-21 10:03:02 --> Session: Class initialized using 'CodeIgniter\Session\Handlers\FileHandler' driver.
WARNING - 2026-09-21 10:09:37 --> [DEPRECATED] Passing lowercase HTTP method "get" is deprecated. Use uppercase HTTP method like "GET". in SYSTEMPATH\Router\RouteCollection.php on line 1026.
 1 SYSTEMPATH\Router\RouteCollection.php(1026): trigger_error('Passing lowercase HTTP method "get" is deprecated. Use uppercase HTTP method like "GET".', 16384)
 2 APPPATH\Config\Routes.php(83): CodeIgniter\Router\RouteCollection->match([...], 'connector', 'Admin\\Media::connector')
 3 SYSTEMPATH\Router\RouteCollection.php(799): CodeIgniter\Router\RouteCollection->{closure:{closure:C:\project\new_perumahan\app\Config\Routes.php:45}:79}(Object(CodeIgniter\Router\RouteCollection))
 4 APPPATH\Config\Routes.php(79): CodeIgniter\Router\RouteCollection->group('media', Object(Closure))
 5 SYSTEMPATH\Router\RouteCollection.php(799): CodeIgniter\Router\RouteCollection->{closure:C:\project\new_perumahan\app\Config\Routes.php:45}(Object(CodeIgniter\Router\RouteCollection))
 6 APPPATH\Config\Routes.php(45): CodeIgniter\Router\RouteCollection->group('admin', [...], Object(Closure))
 7 SYSTEMPATH\Router\RouteCollection.php(339): require('C:\\project\\new_perumahan\\app\\Config\\Routes.php')
 8 SYSTEMPATH\CodeIgniter.php(841): CodeIgniter\Router\RouteCollection->loadRoutes()
 9 SYSTEMPATH\CodeIgniter.php(464): CodeIgniter\CodeIgniter->tryToRouteIt(null)
10 SYSTEMPATH\CodeIgniter.php(363): CodeIgniter\CodeIgniter->handleRequest(null, Object(Config\Cache), false)
11 SYSTEMPATH\Boot.php(417): CodeIgniter\CodeIgniter->run()
12 SYSTEMPATH\Boot.php(68): CodeIgniter\Boot::runCodeIgniter(Object(CodeIgniter\CodeIgniter))
13 FCPATH\index.php(59): CodeIgniter\Boot::bootWeb(Object(Config\Paths))
14 SYSTEMPATH\rewrite.php(44): require_once('C:\\project\\new_perumahan\\public\\index.php')
WARNING - 2026-09-21 10:09:37 --> [DEPRECATED] Passing lowercase HTTP method "post" is deprecated. Use uppercase HTTP method like "POST". in SYSTEMPATH\Router\RouteCollection.php on line 1026.
 1 SYSTEMPATH\Router\RouteCollection.php(1026): trigger_error('Passing lowercase HTTP method "post" is deprecated. Use uppercase HTTP method like "POST".', 16384)
 2 APPPATH\Config\Routes.php(83): CodeIgniter\Router\RouteCollection->match([...], 'connector', 'Admin\\Media::connector')
 3 SYSTEMPATH\Router\RouteCollection.php(799): CodeIgniter\Router\RouteCollection->{closure:{closure:C:\project\new_perumahan\app\Config\Routes.php:45}:79}(Object(CodeIgniter\Router\RouteCollection))
 4 APPPATH\Config\Routes.php(79): CodeIgniter\Router\RouteCollection->group('media', Object(Closure))
 5 SYSTEMPATH\Router\RouteCollection.php(799): CodeIgniter\Router\RouteCollection->{closure:C:\project\new_perumahan\app\Config\Routes.php:45}(Object(CodeIgniter\Router\RouteCollection))
 6 APPPATH\Config\Routes.php(45): CodeIgniter\Router\RouteCollection->group('admin', [...], Object(Closure))
 7 SYSTEMPATH\Router\RouteCollection.php(339): require('C:\\project\\new_perumahan\\app\\Config\\Routes.php')
 8 SYSTEMPATH\CodeIgniter.php(841): CodeIgniter\Router\RouteCollection->loadRoutes()
 9 SYSTEMPATH\CodeIgniter.php(464): CodeIgniter\CodeIgniter->tryToRouteIt(null)
10 SYSTEMPATH\CodeIgniter.php(363): CodeIgniter\CodeIgniter->handleRequest(null, Object(Config\Cache), false)
11 SYSTEMPATH\Boot.php(417): CodeIgniter\CodeIgniter->run()
12 SYSTEMPATH\Boot.php(68): CodeIgniter\Boot::runCodeIgniter(Object(CodeIgniter\CodeIgniter))
13 FCPATH\index.php(59): CodeIgniter\Boot::bootWeb(Object(Config\Paths))
14 SYSTEMPATH\rewrite.php(44): require_once('C:\\project\\new_perumahan\\public\\index.php')
DEBUG - 2026-09-21 10:09:37 --> Session: Class initialized using 'CodeIgniter\Session\Handlers\FileHandler' driver.
WARNING - 2026-09-21 10:09:42 --> [DEPRECATED] Passing lowercase HTTP method "get" is deprecated. Use uppercase HTTP method like "GET". in SYSTEMPATH\Router\RouteCollection.php on line 1026.
 1 SYSTEMPATH\Router\RouteCollection.php(1026): trigger_error('Passing lowercase HTTP method "get" is deprecated. Use uppercase HTTP method like "GET".', 16384)
 2 APPPATH\Config\Routes.php(83): CodeIgniter\Router\RouteCollection->match([...], 'connector', 'Admin\\Media::connector')
 3 SYSTEMPATH\Router\RouteCollection.php(799): CodeIgniter\Router\RouteCollection->{closure:{closure:C:\project\new_perumahan\app\Config\Routes.php:45}:79}(Object(CodeIgniter\Router\RouteCollection))
 4 APPPATH\Config\Routes.php(79): CodeIgniter\Router\RouteCollection->group('media', Object(Closure))
 5 SYSTEMPATH\Router\RouteCollection.php(799): CodeIgniter\Router\RouteCollection->{closure:C:\project\new_perumahan\app\Config\Routes.php:45}(Object(CodeIgniter\Router\RouteCollection))
 6 APPPATH\Config\Routes.php(45): CodeIgniter\Router\RouteCollection->group('admin', [...], Object(Closure))
 7 SYSTEMPATH\Router\RouteCollection.php(339): require('C:\\project\\new_perumahan\\app\\Config\\Routes.php')
 8 SYSTEMPATH\CodeIgniter.php(841): CodeIgniter\Router\RouteCollection->loadRoutes()
 9 SYSTEMPATH\CodeIgniter.php(464): CodeIgniter\CodeIgniter->tryToRouteIt(null)
10 SYSTEMPATH\CodeIgniter.php(363): CodeIgniter\CodeIgniter->handleRequest(null, Object(Config\Cache), false)
11 SYSTEMPATH\Boot.php(417): CodeIgniter\CodeIgniter->run()
12 SYSTEMPATH\Boot.php(68): CodeIgniter\Boot::runCodeIgniter(Object(CodeIgniter\CodeIgniter))
13 FCPATH\index.php(59): CodeIgniter\Boot::bootWeb(Object(Config\Paths))
14 SYSTEMPATH\rewrite.php(44): require_once('C:\\project\\new_perumahan\\public\\index.php')
WARNING - 2026-09-21 10:09:42 --> [DEPRECATED] Passing lowercase HTTP method "post" is deprecated. Use uppercase HTTP method like "POST". in SYSTEMPATH\Router\RouteCollection.php on line 1026.
 1 SYSTEMPATH\Router\RouteCollection.php(1026): trigger_error('Passing lowercase HTTP method "post" is deprecated. Use uppercase HTTP method like "POST".', 16384)
 2 APPPATH\Config\Routes.php(83): CodeIgniter\Router\RouteCollection->match([...], 'connector', 'Admin\\Media::connector')
 3 SYSTEMPATH\Router\RouteCollection.php(799): CodeIgniter\Router\RouteCollection->{closure:{closure:C:\project\new_perumahan\app\Config\Routes.php:45}:79}(Object(CodeIgniter\Router\RouteCollection))
 4 APPPATH\Config\Routes.php(79): CodeIgniter\Router\RouteCollection->group('media', Object(Closure))
 5 SYSTEMPATH\Router\RouteCollection.php(799): CodeIgniter\Router\RouteCollection->{closure:C:\project\new_perumahan\app\Config\Routes.php:45}(Object(CodeIgniter\Router\RouteCollection))
 6 APPPATH\Config\Routes.php(45): CodeIgniter\Router\RouteCollection->group('admin', [...], Object(Closure))
 7 SYSTEMPATH\Router\RouteCollection.php(339): require('C:\\project\\new_perumahan\\app\\Config\\Routes.php')
 8 SYSTEMPATH\CodeIgniter.php(841): CodeIgniter\Router\RouteCollection->loadRoutes()
 9 SYSTEMPATH\CodeIgniter.php(464): CodeIgniter\CodeIgniter->tryToRouteIt(null)
10 SYSTEMPATH\CodeIgniter.php(363): CodeIgniter\CodeIgniter->handleRequest(null, Object(Config\Cache), false)
11 SYSTEMPATH\Boot.php(417): CodeIgniter\CodeIgniter->run()
12 SYSTEMPATH\Boot.php(68): CodeIgniter\Boot::runCodeIgniter(Object(CodeIgniter\CodeIgniter))
13 FCPATH\index.php(59): CodeIgniter\Boot::bootWeb(Object(Config\Paths))
14 SYSTEMPATH\rewrite.php(44): require_once('C:\\project\\new_perumahan\\public\\index.php')
DEBUG - 2026-09-21 10:09:42 --> Session: Class initialized using 'CodeIgniter\Session\Handlers\FileHandler' driver.
WARNING - 2026-09-21 10:09:44 --> [DEPRECATED] Passing lowercase HTTP method "get" is deprecated. Use uppercase HTTP method like "GET". in SYSTEMPATH\Router\RouteCollection.php on line 1026.
 1 SYSTEMPATH\Router\RouteCollection.php(1026): trigger_error('Passing lowercase HTTP method "get" is deprecated. Use uppercase HTTP method like "GET".', 16384)
 2 APPPATH\Config\Routes.php(83): CodeIgniter\Router\RouteCollection->match([...], 'connector', 'Admin\\Media::connector')
 3 SYSTEMPATH\Router\RouteCollection.php(799): CodeIgniter\Router\RouteCollection->{closure:{closure:C:\project\new_perumahan\app\Config\Routes.php:45}:79}(Object(CodeIgniter\Router\RouteCollection))
 4 APPPATH\Config\Routes.php(79): CodeIgniter\Router\RouteCollection->group('media', Object(Closure))
 5 SYSTEMPATH\Router\RouteCollection.php(799): CodeIgniter\Router\RouteCollection->{closure:C:\project\new_perumahan\app\Config\Routes.php:45}(Object(CodeIgniter\Router\RouteCollection))
 6 APPPATH\Config\Routes.php(45): CodeIgniter\Router\RouteCollection->group('admin', [...], Object(Closure))
 7 SYSTEMPATH\Router\RouteCollection.php(339): require('C:\\project\\new_perumahan\\app\\Config\\Routes.php')
 8 SYSTEMPATH\CodeIgniter.php(841): CodeIgniter\Router\RouteCollection->loadRoutes()
 9 SYSTEMPATH\CodeIgniter.php(464): CodeIgniter\CodeIgniter->tryToRouteIt(null)
10 SYSTEMPATH\CodeIgniter.php(363): CodeIgniter\CodeIgniter->handleRequest(null, Object(Config\Cache), false)
11 SYSTEMPATH\Boot.php(417): CodeIgniter\CodeIgniter->run()
12 SYSTEMPATH\Boot.php(68): CodeIgniter\Boot::runCodeIgniter(Object(CodeIgniter\CodeIgniter))
13 FCPATH\index.php(59): CodeIgniter\Boot::bootWeb(Object(Config\Paths))
14 SYSTEMPATH\rewrite.php(44): require_once('C:\\project\\new_perumahan\\public\\index.php')
WARNING - 2026-09-21 10:09:44 --> [DEPRECATED] Passing lowercase HTTP method "post" is deprecated. Use uppercase HTTP method like "POST". in SYSTEMPATH\Router\RouteCollection.php on line 1026.
 1 SYSTEMPATH\Router\RouteCollection.php(1026): trigger_error('Passing lowercase HTTP method "post" is deprecated. Use uppercase HTTP method like "POST".', 16384)
 2 APPPATH\Config\Routes.php(83): CodeIgniter\Router\RouteCollection->match([...], 'connector', 'Admin\\Media::connector')
 3 SYSTEMPATH\Router\RouteCollection.php(799): CodeIgniter\Router\RouteCollection->{closure:{closure:C:\project\new_perumahan\app\Config\Routes.php:45}:79}(Object(CodeIgniter\Router\RouteCollection))
 4 APPPATH\Config\Routes.php(79): CodeIgniter\Router\RouteCollection->group('media', Object(Closure))
 5 SYSTEMPATH\Router\RouteCollection.php(799): CodeIgniter\Router\RouteCollection->{closure:C:\project\new_perumahan\app\Config\Routes.php:45}(Object(CodeIgniter\Router\RouteCollection))
 6 APPPATH\Config\Routes.php(45): CodeIgniter\Router\RouteCollection->group('admin', [...], Object(Closure))
 7 SYSTEMPATH\Router\RouteCollection.php(339): require('C:\\project\\new_perumahan\\app\\Config\\Routes.php')
 8 SYSTEMPATH\CodeIgniter.php(841): CodeIgniter\Router\RouteCollection->loadRoutes()
 9 SYSTEMPATH\CodeIgniter.php(464): CodeIgniter\CodeIgniter->tryToRouteIt(null)
10 SYSTEMPATH\CodeIgniter.php(363): CodeIgniter\CodeIgniter->handleRequest(null, Object(Config\Cache), false)
11 SYSTEMPATH\Boot.php(417): CodeIgniter\CodeIgniter->run()
12 SYSTEMPATH\Boot.php(68): CodeIgniter\Boot::runCodeIgniter(Object(CodeIgniter\CodeIgniter))
13 FCPATH\index.php(59): CodeIgniter\Boot::bootWeb(Object(Config\Paths))
14 SYSTEMPATH\rewrite.php(44): require_once('C:\\project\\new_perumahan\\public\\index.php')
DEBUG - 2026-09-21 10:09:44 --> Session: Class initialized using 'CodeIgniter\Session\Handlers\FileHandler' driver.
WARNING - 2026-09-21 10:09:45 --> [DEPRECATED] Passing lowercase HTTP method "get" is deprecated. Use uppercase HTTP method like "GET". in SYSTEMPATH\Router\RouteCollection.php on line 1026.
 1 SYSTEMPATH\Router\RouteCollection.php(1026): trigger_error('Passing lowercase HTTP method "get" is deprecated. Use uppercase HTTP method like "GET".', 16384)
 2 APPPATH\Config\Routes.php(83): CodeIgniter\Router\RouteCollection->match([...], 'connector', 'Admin\\Media::connector')
 3 SYSTEMPATH\Router\RouteCollection.php(799): CodeIgniter\Router\RouteCollection->{closure:{closure:C:\project\new_perumahan\app\Config\Routes.php:45}:79}(Object(CodeIgniter\Router\RouteCollection))
 4 APPPATH\Config\Routes.php(79): CodeIgniter\Router\RouteCollection->group('media', Object(Closure))
 5 SYSTEMPATH\Router\RouteCollection.php(799): CodeIgniter\Router\RouteCollection->{closure:C:\project\new_perumahan\app\Config\Routes.php:45}(Object(CodeIgniter\Router\RouteCollection))
 6 APPPATH\Config\Routes.php(45): CodeIgniter\Router\RouteCollection->group('admin', [...], Object(Closure))
 7 SYSTEMPATH\Router\RouteCollection.php(339): require('C:\\project\\new_perumahan\\app\\Config\\Routes.php')
 8 SYSTEMPATH\CodeIgniter.php(841): CodeIgniter\Router\RouteCollection->loadRoutes()
 9 SYSTEMPATH\CodeIgniter.php(464): CodeIgniter\CodeIgniter->tryToRouteIt(null)
10 SYSTEMPATH\CodeIgniter.php(363): CodeIgniter\CodeIgniter->handleRequest(null, Object(Config\Cache), false)
11 SYSTEMPATH\Boot.php(417): CodeIgniter\CodeIgniter->run()
12 SYSTEMPATH\Boot.php(68): CodeIgniter\Boot::runCodeIgniter(Object(CodeIgniter\CodeIgniter))
13 FCPATH\index.php(59): CodeIgniter\Boot::bootWeb(Object(Config\Paths))
14 SYSTEMPATH\rewrite.php(44): require_once('C:\\project\\new_perumahan\\public\\index.php')
WARNING - 2026-09-21 10:09:45 --> [DEPRECATED] Passing lowercase HTTP method "post" is deprecated. Use uppercase HTTP method like "POST". in SYSTEMPATH\Router\RouteCollection.php on line 1026.
 1 SYSTEMPATH\Router\RouteCollection.php(1026): trigger_error('Passing lowercase HTTP method "post" is deprecated. Use uppercase HTTP method like "POST".', 16384)
 2 APPPATH\Config\Routes.php(83): CodeIgniter\Router\RouteCollection->match([...], 'connector', 'Admin\\Media::connector')
 3 SYSTEMPATH\Router\RouteCollection.php(799): CodeIgniter\Router\RouteCollection->{closure:{closure:C:\project\new_perumahan\app\Config\Routes.php:45}:79}(Object(CodeIgniter\Router\RouteCollection))
 4 APPPATH\Config\Routes.php(79): CodeIgniter\Router\RouteCollection->group('media', Object(Closure))
 5 SYSTEMPATH\Router\RouteCollection.php(799): CodeIgniter\Router\RouteCollection->{closure:C:\project\new_perumahan\app\Config\Routes.php:45}(Object(CodeIgniter\Router\RouteCollection))
 6 APPPATH\Config\Routes.php(45): CodeIgniter\Router\RouteCollection->group('admin', [...], Object(Closure))
 7 SYSTEMPATH\Router\RouteCollection.php(339): require('C:\\project\\new_perumahan\\app\\Config\\Routes.php')
 8 SYSTEMPATH\CodeIgniter.php(841): CodeIgniter\Router\RouteCollection->loadRoutes()
 9 SYSTEMPATH\CodeIgniter.php(464): CodeIgniter\CodeIgniter->tryToRouteIt(null)
10 SYSTEMPATH\CodeIgniter.php(363): CodeIgniter\CodeIgniter->handleRequest(null, Object(Config\Cache), false)
11 SYSTEMPATH\Boot.php(417): CodeIgniter\CodeIgniter->run()
12 SYSTEMPATH\Boot.php(68): CodeIgniter\Boot::runCodeIgniter(Object(CodeIgniter\CodeIgniter))
13 FCPATH\index.php(59): CodeIgniter\Boot::bootWeb(Object(Config\Paths))
14 SYSTEMPATH\rewrite.php(44): require_once('C:\\project\\new_perumahan\\public\\index.php')
DEBUG - 2026-09-21 10:09:45 --> Session: Class initialized using 'CodeIgniter\Session\Handlers\FileHandler' driver.
WARNING - 2026-09-21 10:14:30 --> [DEPRECATED] Passing lowercase HTTP method "get" is deprecated. Use uppercase HTTP method like "GET". in SYSTEMPATH\Router\RouteCollection.php on line 1026.
 1 SYSTEMPATH\Router\RouteCollection.php(1026): trigger_error('Passing lowercase HTTP method "get" is deprecated. Use uppercase HTTP method like "GET".', 16384)
 2 APPPATH\Config\Routes.php(83): CodeIgniter\Router\RouteCollection->match([...], 'connector', 'Admin\\Media::connector')
 3 SYSTEMPATH\Router\RouteCollection.php(799): CodeIgniter\Router\RouteCollection->{closure:{closure:C:\project\new_perumahan\app\Config\Routes.php:45}:79}(Object(CodeIgniter\Router\RouteCollection))
 4 APPPATH\Config\Routes.php(79): CodeIgniter\Router\RouteCollection->group('media', Object(Closure))
 5 SYSTEMPATH\Router\RouteCollection.php(799): CodeIgniter\Router\RouteCollection->{closure:C:\project\new_perumahan\app\Config\Routes.php:45}(Object(CodeIgniter\Router\RouteCollection))
 6 APPPATH\Config\Routes.php(45): CodeIgniter\Router\RouteCollection->group('admin', [...], Object(Closure))
 7 SYSTEMPATH\Router\RouteCollection.php(339): require('C:\\project\\new_perumahan\\app\\Config\\Routes.php')
 8 SYSTEMPATH\CodeIgniter.php(841): CodeIgniter\Router\RouteCollection->loadRoutes()
 9 SYSTEMPATH\CodeIgniter.php(464): CodeIgniter\CodeIgniter->tryToRouteIt(null)
10 SYSTEMPATH\CodeIgniter.php(363): CodeIgniter\CodeIgniter->handleRequest(null, Object(Config\Cache), false)
11 SYSTEMPATH\Boot.php(417): CodeIgniter\CodeIgniter->run()
12 SYSTEMPATH\Boot.php(68): CodeIgniter\Boot::runCodeIgniter(Object(CodeIgniter\CodeIgniter))
13 FCPATH\index.php(59): CodeIgniter\Boot::bootWeb(Object(Config\Paths))
14 SYSTEMPATH\rewrite.php(44): require_once('C:\\project\\new_perumahan\\public\\index.php')
WARNING - 2026-09-21 10:14:30 --> [DEPRECATED] Passing lowercase HTTP method "post" is deprecated. Use uppercase HTTP method like "POST". in SYSTEMPATH\Router\RouteCollection.php on line 1026.
 1 SYSTEMPATH\Router\RouteCollection.php(1026): trigger_error('Passing lowercase HTTP method "post" is deprecated. Use uppercase HTTP method like "POST".', 16384)
 2 APPPATH\Config\Routes.php(83): CodeIgniter\Router\RouteCollection->match([...], 'connector', 'Admin\\Media::connector')
 3 SYSTEMPATH\Router\RouteCollection.php(799): CodeIgniter\Router\RouteCollection->{closure:{closure:C:\project\new_perumahan\app\Config\Routes.php:45}:79}(Object(CodeIgniter\Router\RouteCollection))
 4 APPPATH\Config\Routes.php(79): CodeIgniter\Router\RouteCollection->group('media', Object(Closure))
 5 SYSTEMPATH\Router\RouteCollection.php(799): CodeIgniter\Router\RouteCollection->{closure:C:\project\new_perumahan\app\Config\Routes.php:45}(Object(CodeIgniter\Router\RouteCollection))
 6 APPPATH\Config\Routes.php(45): CodeIgniter\Router\RouteCollection->group('admin', [...], Object(Closure))
 7 SYSTEMPATH\Router\RouteCollection.php(339): require('C:\\project\\new_perumahan\\app\\Config\\Routes.php')
 8 SYSTEMPATH\CodeIgniter.php(841): CodeIgniter\Router\RouteCollection->loadRoutes()
 9 SYSTEMPATH\CodeIgniter.php(464): CodeIgniter\CodeIgniter->tryToRouteIt(null)
10 SYSTEMPATH\CodeIgniter.php(363): CodeIgniter\CodeIgniter->handleRequest(null, Object(Config\Cache), false)
11 SYSTEMPATH\Boot.php(417): CodeIgniter\CodeIgniter->run()
12 SYSTEMPATH\Boot.php(68): CodeIgniter\Boot::runCodeIgniter(Object(CodeIgniter\CodeIgniter))
13 FCPATH\index.php(59): CodeIgniter\Boot::bootWeb(Object(Config\Paths))
14 SYSTEMPATH\rewrite.php(44): require_once('C:\\project\\new_perumahan\\public\\index.php')
DEBUG - 2026-09-21 10:14:30 --> Session: Class initialized using 'CodeIgniter\Session\Handlers\FileHandler' driver.
WARNING - 2026-09-21 10:14:35 --> [DEPRECATED] Passing lowercase HTTP method "get" is deprecated. Use uppercase HTTP method like "GET". in SYSTEMPATH\Router\RouteCollection.php on line 1026.
 1 SYSTEMPATH\Router\RouteCollection.php(1026): trigger_error('Passing lowercase HTTP method "get" is deprecated. Use uppercase HTTP method like "GET".', 16384)
 2 APPPATH\Config\Routes.php(83): CodeIgniter\Router\RouteCollection->match([...], 'connector', 'Admin\\Media::connector')
 3 SYSTEMPATH\Router\RouteCollection.php(799): CodeIgniter\Router\RouteCollection->{closure:{closure:C:\project\new_perumahan\app\Config\Routes.php:45}:79}(Object(CodeIgniter\Router\RouteCollection))
 4 APPPATH\Config\Routes.php(79): CodeIgniter\Router\RouteCollection->group('media', Object(Closure))
 5 SYSTEMPATH\Router\RouteCollection.php(799): CodeIgniter\Router\RouteCollection->{closure:C:\project\new_perumahan\app\Config\Routes.php:45}(Object(CodeIgniter\Router\RouteCollection))
 6 APPPATH\Config\Routes.php(45): CodeIgniter\Router\RouteCollection->group('admin', [...], Object(Closure))
 7 SYSTEMPATH\Router\RouteCollection.php(339): require('C:\\project\\new_perumahan\\app\\Config\\Routes.php')
 8 SYSTEMPATH\CodeIgniter.php(841): CodeIgniter\Router\RouteCollection->loadRoutes()
 9 SYSTEMPATH\CodeIgniter.php(464): CodeIgniter\CodeIgniter->tryToRouteIt(null)
10 SYSTEMPATH\CodeIgniter.php(363): CodeIgniter\CodeIgniter->handleRequest(null, Object(Config\Cache), false)
11 SYSTEMPATH\Boot.php(417): CodeIgniter\CodeIgniter->run()
12 SYSTEMPATH\Boot.php(68): CodeIgniter\Boot::runCodeIgniter(Object(CodeIgniter\CodeIgniter))
13 FCPATH\index.php(59): CodeIgniter\Boot::bootWeb(Object(Config\Paths))
14 SYSTEMPATH\rewrite.php(44): require_once('C:\\project\\new_perumahan\\public\\index.php')
WARNING - 2026-09-21 10:14:35 --> [DEPRECATED] Passing lowercase HTTP method "post" is deprecated. Use uppercase HTTP method like "POST". in SYSTEMPATH\Router\RouteCollection.php on line 1026.
 1 SYSTEMPATH\Router\RouteCollection.php(1026): trigger_error('Passing lowercase HTTP method "post" is deprecated. Use uppercase HTTP method like "POST".', 16384)
 2 APPPATH\Config\Routes.php(83): CodeIgniter\Router\RouteCollection->match([...], 'connector', 'Admin\\Media::connector')
 3 SYSTEMPATH\Router\RouteCollection.php(799): CodeIgniter\Router\RouteCollection->{closure:{closure:C:\project\new_perumahan\app\Config\Routes.php:45}:79}(Object(CodeIgniter\Router\RouteCollection))
 4 APPPATH\Config\Routes.php(79): CodeIgniter\Router\RouteCollection->group('media', Object(Closure))
 5 SYSTEMPATH\Router\RouteCollection.php(799): CodeIgniter\Router\RouteCollection->{closure:C:\project\new_perumahan\app\Config\Routes.php:45}(Object(CodeIgniter\Router\RouteCollection))
 6 APPPATH\Config\Routes.php(45): CodeIgniter\Router\RouteCollection->group('admin', [...], Object(Closure))
 7 SYSTEMPATH\Router\RouteCollection.php(339): require('C:\\project\\new_perumahan\\app\\Config\\Routes.php')
 8 SYSTEMPATH\CodeIgniter.php(841): CodeIgniter\Router\RouteCollection->loadRoutes()
 9 SYSTEMPATH\CodeIgniter.php(464): CodeIgniter\CodeIgniter->tryToRouteIt(null)
10 SYSTEMPATH\CodeIgniter.php(363): CodeIgniter\CodeIgniter->handleRequest(null, Object(Config\Cache), false)
11 SYSTEMPATH\Boot.php(417): CodeIgniter\CodeIgniter->run()
12 SYSTEMPATH\Boot.php(68): CodeIgniter\Boot::runCodeIgniter(Object(CodeIgniter\CodeIgniter))
13 FCPATH\index.php(59): CodeIgniter\Boot::bootWeb(Object(Config\Paths))
14 SYSTEMPATH\rewrite.php(44): require_once('C:\\project\\new_perumahan\\public\\index.php')
DEBUG - 2026-09-21 10:14:35 --> Session: Class initialized using 'CodeIgniter\Session\Handlers\FileHandler' driver.
WARNING - 2026-09-21 10:14:42 --> [DEPRECATED] Passing lowercase HTTP method "get" is deprecated. Use uppercase HTTP method like "GET". in SYSTEMPATH\Router\RouteCollection.php on line 1026.
 1 SYSTEMPATH\Router\RouteCollection.php(1026): trigger_error('Passing lowercase HTTP method "get" is deprecated. Use uppercase HTTP method like "GET".', 16384)
 2 APPPATH\Config\Routes.php(83): CodeIgniter\Router\RouteCollection->match([...], 'connector', 'Admin\\Media::connector')
 3 SYSTEMPATH\Router\RouteCollection.php(799): CodeIgniter\Router\RouteCollection->{closure:{closure:C:\project\new_perumahan\app\Config\Routes.php:45}:79}(Object(CodeIgniter\Router\RouteCollection))
 4 APPPATH\Config\Routes.php(79): CodeIgniter\Router\RouteCollection->group('media', Object(Closure))
 5 SYSTEMPATH\Router\RouteCollection.php(799): CodeIgniter\Router\RouteCollection->{closure:C:\project\new_perumahan\app\Config\Routes.php:45}(Object(CodeIgniter\Router\RouteCollection))
 6 APPPATH\Config\Routes.php(45): CodeIgniter\Router\RouteCollection->group('admin', [...], Object(Closure))
 7 SYSTEMPATH\Router\RouteCollection.php(339): require('C:\\project\\new_perumahan\\app\\Config\\Routes.php')
 8 SYSTEMPATH\CodeIgniter.php(841): CodeIgniter\Router\RouteCollection->loadRoutes()
 9 SYSTEMPATH\CodeIgniter.php(464): CodeIgniter\CodeIgniter->tryToRouteIt(null)
10 SYSTEMPATH\CodeIgniter.php(363): CodeIgniter\CodeIgniter->handleRequest(null, Object(Config\Cache), false)
11 SYSTEMPATH\Boot.php(417): CodeIgniter\CodeIgniter->run()
12 SYSTEMPATH\Boot.php(68): CodeIgniter\Boot::runCodeIgniter(Object(CodeIgniter\CodeIgniter))
13 FCPATH\index.php(59): CodeIgniter\Boot::bootWeb(Object(Config\Paths))
14 SYSTEMPATH\rewrite.php(44): require_once('C:\\project\\new_perumahan\\public\\index.php')
WARNING - 2026-09-21 10:14:42 --> [DEPRECATED] Passing lowercase HTTP method "post" is deprecated. Use uppercase HTTP method like "POST". in SYSTEMPATH\Router\RouteCollection.php on line 1026.
 1 SYSTEMPATH\Router\RouteCollection.php(1026): trigger_error('Passing lowercase HTTP method "post" is deprecated. Use uppercase HTTP method like "POST".', 16384)
 2 APPPATH\Config\Routes.php(83): CodeIgniter\Router\RouteCollection->match([...], 'connector', 'Admin\\Media::connector')
 3 SYSTEMPATH\Router\RouteCollection.php(799): CodeIgniter\Router\RouteCollection->{closure:{closure:C:\project\new_perumahan\app\Config\Routes.php:45}:79}(Object(CodeIgniter\Router\RouteCollection))
 4 APPPATH\Config\Routes.php(79): CodeIgniter\Router\RouteCollection->group('media', Object(Closure))
 5 SYSTEMPATH\Router\RouteCollection.php(799): CodeIgniter\Router\RouteCollection->{closure:C:\project\new_perumahan\app\Config\Routes.php:45}(Object(CodeIgniter\Router\RouteCollection))
 6 APPPATH\Config\Routes.php(45): CodeIgniter\Router\RouteCollection->group('admin', [...], Object(Closure))
 7 SYSTEMPATH\Router\RouteCollection.php(339): require('C:\\project\\new_perumahan\\app\\Config\\Routes.php')
 8 SYSTEMPATH\CodeIgniter.php(841): CodeIgniter\Router\RouteCollection->loadRoutes()
 9 SYSTEMPATH\CodeIgniter.php(464): CodeIgniter\CodeIgniter->tryToRouteIt(null)
10 SYSTEMPATH\CodeIgniter.php(363): CodeIgniter\CodeIgniter->handleRequest(null, Object(Config\Cache), false)
11 SYSTEMPATH\Boot.php(417): CodeIgniter\CodeIgniter->run()
12 SYSTEMPATH\Boot.php(68): CodeIgniter\Boot::runCodeIgniter(Object(CodeIgniter\CodeIgniter))
13 FCPATH\index.php(59): CodeIgniter\Boot::bootWeb(Object(Config\Paths))
14 SYSTEMPATH\rewrite.php(44): require_once('C:\\project\\new_perumahan\\public\\index.php')
DEBUG - 2026-09-21 10:14:42 --> Session: Class initialized using 'CodeIgniter\Session\Handlers\FileHandler' driver.
WARNING - 2026-09-21 10:15:27 --> [DEPRECATED] Passing lowercase HTTP method "get" is deprecated. Use uppercase HTTP method like "GET". in SYSTEMPATH\Router\RouteCollection.php on line 1026.
 1 SYSTEMPATH\Router\RouteCollection.php(1026): trigger_error('Passing lowercase HTTP method "get" is deprecated. Use uppercase HTTP method like "GET".', 16384)
 2 APPPATH\Config\Routes.php(83): CodeIgniter\Router\RouteCollection->match([...], 'connector', 'Admin\\Media::connector')
 3 SYSTEMPATH\Router\RouteCollection.php(799): CodeIgniter\Router\RouteCollection->{closure:{closure:C:\project\new_perumahan\app\Config\Routes.php:45}:79}(Object(CodeIgniter\Router\RouteCollection))
 4 APPPATH\Config\Routes.php(79): CodeIgniter\Router\RouteCollection->group('media', Object(Closure))
 5 SYSTEMPATH\Router\RouteCollection.php(799): CodeIgniter\Router\RouteCollection->{closure:C:\project\new_perumahan\app\Config\Routes.php:45}(Object(CodeIgniter\Router\RouteCollection))
 6 APPPATH\Config\Routes.php(45): CodeIgniter\Router\RouteCollection->group('admin', [...], Object(Closure))
 7 SYSTEMPATH\Router\RouteCollection.php(339): require('C:\\project\\new_perumahan\\app\\Config\\Routes.php')
 8 SYSTEMPATH\CodeIgniter.php(841): CodeIgniter\Router\RouteCollection->loadRoutes()
 9 SYSTEMPATH\CodeIgniter.php(464): CodeIgniter\CodeIgniter->tryToRouteIt(null)
10 SYSTEMPATH\CodeIgniter.php(363): CodeIgniter\CodeIgniter->handleRequest(null, Object(Config\Cache), false)
11 SYSTEMPATH\Boot.php(417): CodeIgniter\CodeIgniter->run()
12 SYSTEMPATH\Boot.php(68): CodeIgniter\Boot::runCodeIgniter(Object(CodeIgniter\CodeIgniter))
13 FCPATH\index.php(59): CodeIgniter\Boot::bootWeb(Object(Config\Paths))
14 SYSTEMPATH\rewrite.php(44): require_once('C:\\project\\new_perumahan\\public\\index.php')
WARNING - 2026-09-21 10:15:27 --> [DEPRECATED] Passing lowercase HTTP method "post" is deprecated. Use uppercase HTTP method like "POST". in SYSTEMPATH\Router\RouteCollection.php on line 1026.
 1 SYSTEMPATH\Router\RouteCollection.php(1026): trigger_error('Passing lowercase HTTP method "post" is deprecated. Use uppercase HTTP method like "POST".', 16384)
 2 APPPATH\Config\Routes.php(83): CodeIgniter\Router\RouteCollection->match([...], 'connector', 'Admin\\Media::connector')
 3 SYSTEMPATH\Router\RouteCollection.php(799): CodeIgniter\Router\RouteCollection->{closure:{closure:C:\project\new_perumahan\app\Config\Routes.php:45}:79}(Object(CodeIgniter\Router\RouteCollection))
 4 APPPATH\Config\Routes.php(79): CodeIgniter\Router\RouteCollection->group('media', Object(Closure))
 5 SYSTEMPATH\Router\RouteCollection.php(799): CodeIgniter\Router\RouteCollection->{closure:C:\project\new_perumahan\app\Config\Routes.php:45}(Object(CodeIgniter\Router\RouteCollection))
 6 APPPATH\Config\Routes.php(45): CodeIgniter\Router\RouteCollection->group('admin', [...], Object(Closure))
 7 SYSTEMPATH\Router\RouteCollection.php(339): require('C:\\project\\new_perumahan\\app\\Config\\Routes.php')
 8 SYSTEMPATH\CodeIgniter.php(841): CodeIgniter\Router\RouteCollection->loadRoutes()
 9 SYSTEMPATH\CodeIgniter.php(464): CodeIgniter\CodeIgniter->tryToRouteIt(null)
10 SYSTEMPATH\CodeIgniter.php(363): CodeIgniter\CodeIgniter->handleRequest(null, Object(Config\Cache), false)
11 SYSTEMPATH\Boot.php(417): CodeIgniter\CodeIgniter->run()
12 SYSTEMPATH\Boot.php(68): CodeIgniter\Boot::runCodeIgniter(Object(CodeIgniter\CodeIgniter))
13 FCPATH\index.php(59): CodeIgniter\Boot::bootWeb(Object(Config\Paths))
14 SYSTEMPATH\rewrite.php(44): require_once('C:\\project\\new_perumahan\\public\\index.php')
DEBUG - 2026-09-21 10:15:27 --> Session: Class initialized using 'CodeIgniter\Session\Handlers\FileHandler' driver.
WARNING - 2026-09-21 10:15:35 --> [DEPRECATED] Passing lowercase HTTP method "get" is deprecated. Use uppercase HTTP method like "GET". in SYSTEMPATH\Router\RouteCollection.php on line 1026.
 1 SYSTEMPATH\Router\RouteCollection.php(1026): trigger_error('Passing lowercase HTTP method "get" is deprecated. Use uppercase HTTP method like "GET".', 16384)
 2 APPPATH\Config\Routes.php(83): CodeIgniter\Router\RouteCollection->match([...], 'connector', 'Admin\\Media::connector')
 3 SYSTEMPATH\Router\RouteCollection.php(799): CodeIgniter\Router\RouteCollection->{closure:{closure:C:\project\new_perumahan\app\Config\Routes.php:45}:79}(Object(CodeIgniter\Router\RouteCollection))
 4 APPPATH\Config\Routes.php(79): CodeIgniter\Router\RouteCollection->group('media', Object(Closure))
 5 SYSTEMPATH\Router\RouteCollection.php(799): CodeIgniter\Router\RouteCollection->{closure:C:\project\new_perumahan\app\Config\Routes.php:45}(Object(CodeIgniter\Router\RouteCollection))
 6 APPPATH\Config\Routes.php(45): CodeIgniter\Router\RouteCollection->group('admin', [...], Object(Closure))
 7 SYSTEMPATH\Router\RouteCollection.php(339): require('C:\\project\\new_perumahan\\app\\Config\\Routes.php')
 8 SYSTEMPATH\CodeIgniter.php(841): CodeIgniter\Router\RouteCollection->loadRoutes()
 9 SYSTEMPATH\CodeIgniter.php(464): CodeIgniter\CodeIgniter->tryToRouteIt(null)
10 SYSTEMPATH\CodeIgniter.php(363): CodeIgniter\CodeIgniter->handleRequest(null, Object(Config\Cache), false)
11 SYSTEMPATH\Boot.php(417): CodeIgniter\CodeIgniter->run()
12 SYSTEMPATH\Boot.php(68): CodeIgniter\Boot::runCodeIgniter(Object(CodeIgniter\CodeIgniter))
13 FCPATH\index.php(59): CodeIgniter\Boot::bootWeb(Object(Config\Paths))
14 SYSTEMPATH\rewrite.php(44): require_once('C:\\project\\new_perumahan\\public\\index.php')
WARNING - 2026-09-21 10:15:35 --> [DEPRECATED] Passing lowercase HTTP method "post" is deprecated. Use uppercase HTTP method like "POST". in SYSTEMPATH\Router\RouteCollection.php on line 1026.
 1 SYSTEMPATH\Router\RouteCollection.php(1026): trigger_error('Passing lowercase HTTP method "post" is deprecated. Use uppercase HTTP method like "POST".', 16384)
 2 APPPATH\Config\Routes.php(83): CodeIgniter\Router\RouteCollection->match([...], 'connector', 'Admin\\Media::connector')
 3 SYSTEMPATH\Router\RouteCollection.php(799): CodeIgniter\Router\RouteCollection->{closure:{closure:C:\project\new_perumahan\app\Config\Routes.php:45}:79}(Object(CodeIgniter\Router\RouteCollection))
 4 APPPATH\Config\Routes.php(79): CodeIgniter\Router\RouteCollection->group('media', Object(Closure))
 5 SYSTEMPATH\Router\RouteCollection.php(799): CodeIgniter\Router\RouteCollection->{closure:C:\project\new_perumahan\app\Config\Routes.php:45}(Object(CodeIgniter\Router\RouteCollection))
 6 APPPATH\Config\Routes.php(45): CodeIgniter\Router\RouteCollection->group('admin', [...], Object(Closure))
 7 SYSTEMPATH\Router\RouteCollection.php(339): require('C:\\project\\new_perumahan\\app\\Config\\Routes.php')
 8 SYSTEMPATH\CodeIgniter.php(841): CodeIgniter\Router\RouteCollection->loadRoutes()
 9 SYSTEMPATH\CodeIgniter.php(464): CodeIgniter\CodeIgniter->tryToRouteIt(null)
10 SYSTEMPATH\CodeIgniter.php(363): CodeIgniter\CodeIgniter->handleRequest(null, Object(Config\Cache), false)
11 SYSTEMPATH\Boot.php(417): CodeIgniter\CodeIgniter->run()
12 SYSTEMPATH\Boot.php(68): CodeIgniter\Boot::runCodeIgniter(Object(CodeIgniter\CodeIgniter))
13 FCPATH\index.php(59): CodeIgniter\Boot::bootWeb(Object(Config\Paths))
14 SYSTEMPATH\rewrite.php(44): require_once('C:\\project\\new_perumahan\\public\\index.php')
DEBUG - 2026-09-21 10:15:35 --> Session: Class initialized using 'CodeIgniter\Session\Handlers\FileHandler' driver.
WARNING - 2026-09-21 13:28:31 --> [DEPRECATED] Passing lowercase HTTP method "get" is deprecated. Use uppercase HTTP method like "GET". in SYSTEMPATH\Router\RouteCollection.php on line 1026.
 1 SYSTEMPATH\Router\RouteCollection.php(1026): trigger_error('Passing lowercase HTTP method "get" is deprecated. Use uppercase HTTP method like "GET".', 16384)
 2 APPPATH\Config\Routes.php(83): CodeIgniter\Router\RouteCollection->match([...], 'connector', 'Admin\\Media::connector')
 3 SYSTEMPATH\Router\RouteCollection.php(799): CodeIgniter\Router\RouteCollection->{closure:{closure:C:\project\new_perumahan\app\Config\Routes.php:45}:79}(Object(CodeIgniter\Router\RouteCollection))
 4 APPPATH\Config\Routes.php(79): CodeIgniter\Router\RouteCollection->group('media', Object(Closure))
 5 SYSTEMPATH\Router\RouteCollection.php(799): CodeIgniter\Router\RouteCollection->{closure:C:\project\new_perumahan\app\Config\Routes.php:45}(Object(CodeIgniter\Router\RouteCollection))
 6 APPPATH\Config\Routes.php(45): CodeIgniter\Router\RouteCollection->group('admin', [...], Object(Closure))
 7 SYSTEMPATH\Router\RouteCollection.php(339): require('C:\\project\\new_perumahan\\app\\Config\\Routes.php')
 8 SYSTEMPATH\CLI\Console.php(41): CodeIgniter\Router\RouteCollection->loadRoutes()
 9 SYSTEMPATH\Boot.php(444): CodeIgniter\CLI\Console->run()
10 SYSTEMPATH\Boot.php(166): CodeIgniter\Boot::runCommand(Object(CodeIgniter\CLI\Console))
11 ROOTPATH\spark(87): CodeIgniter\Boot::bootSpark(Object(Config\Paths))
WARNING - 2026-09-21 13:28:31 --> [DEPRECATED] Passing lowercase HTTP method "post" is deprecated. Use uppercase HTTP method like "POST". in SYSTEMPATH\Router\RouteCollection.php on line 1026.
 1 SYSTEMPATH\Router\RouteCollection.php(1026): trigger_error('Passing lowercase HTTP method "post" is deprecated. Use uppercase HTTP method like "POST".', 16384)
 2 APPPATH\Config\Routes.php(83): CodeIgniter\Router\RouteCollection->match([...], 'connector', 'Admin\\Media::connector')
 3 SYSTEMPATH\Router\RouteCollection.php(799): CodeIgniter\Router\RouteCollection->{closure:{closure:C:\project\new_perumahan\app\Config\Routes.php:45}:79}(Object(CodeIgniter\Router\RouteCollection))
 4 APPPATH\Config\Routes.php(79): CodeIgniter\Router\RouteCollection->group('media', Object(Closure))
 5 SYSTEMPATH\Router\RouteCollection.php(799): CodeIgniter\Router\RouteCollection->{closure:C:\project\new_perumahan\app\Config\Routes.php:45}(Object(CodeIgniter\Router\RouteCollection))
 6 APPPATH\Config\Routes.php(45): CodeIgniter\Router\RouteCollection->group('admin', [...], Object(Closure))
 7 SYSTEMPATH\Router\RouteCollection.php(339): require('C:\\project\\new_perumahan\\app\\Config\\Routes.php')
 8 SYSTEMPATH\CLI\Console.php(41): CodeIgniter\Router\RouteCollection->loadRoutes()
 9 SYSTEMPATH\Boot.php(444): CodeIgniter\CLI\Console->run()
10 SYSTEMPATH\Boot.php(166): CodeIgniter\Boot::runCommand(Object(CodeIgniter\CLI\Console))
11 ROOTPATH\spark(87): CodeIgniter\Boot::bootSpark(Object(Config\Paths))
WARNING - 2026-09-21 13:28:36 --> [DEPRECATED] Passing lowercase HTTP method "get" is deprecated. Use uppercase HTTP method like "GET". in SYSTEMPATH\Router\RouteCollection.php on line 1026.
 1 SYSTEMPATH\Router\RouteCollection.php(1026): trigger_error('Passing lowercase HTTP method "get" is deprecated. Use uppercase HTTP method like "GET".', 16384)
 2 APPPATH\Config\Routes.php(83): CodeIgniter\Router\RouteCollection->match([...], 'connector', 'Admin\\Media::connector')
 3 SYSTEMPATH\Router\RouteCollection.php(799): CodeIgniter\Router\RouteCollection->{closure:{closure:C:\project\new_perumahan\app\Config\Routes.php:45}:79}(Object(CodeIgniter\Router\RouteCollection))
 4 APPPATH\Config\Routes.php(79): CodeIgniter\Router\RouteCollection->group('media', Object(Closure))
 5 SYSTEMPATH\Router\RouteCollection.php(799): CodeIgniter\Router\RouteCollection->{closure:C:\project\new_perumahan\app\Config\Routes.php:45}(Object(CodeIgniter\Router\RouteCollection))
 6 APPPATH\Config\Routes.php(45): CodeIgniter\Router\RouteCollection->group('admin', [...], Object(Closure))
 7 SYSTEMPATH\Router\RouteCollection.php(339): require('C:\\project\\new_perumahan\\app\\Config\\Routes.php')
 8 SYSTEMPATH\CodeIgniter.php(841): CodeIgniter\Router\RouteCollection->loadRoutes()
 9 SYSTEMPATH\CodeIgniter.php(464): CodeIgniter\CodeIgniter->tryToRouteIt(null)
10 SYSTEMPATH\CodeIgniter.php(363): CodeIgniter\CodeIgniter->handleRequest(null, Object(Config\Cache), false)
11 SYSTEMPATH\Boot.php(417): CodeIgniter\CodeIgniter->run()
12 SYSTEMPATH\Boot.php(68): CodeIgniter\Boot::runCodeIgniter(Object(CodeIgniter\CodeIgniter))
13 FCPATH\index.php(59): CodeIgniter\Boot::bootWeb(Object(Config\Paths))
14 SYSTEMPATH\rewrite.php(44): require_once('C:\\project\\new_perumahan\\public\\index.php')
WARNING - 2026-09-21 13:28:36 --> [DEPRECATED] Passing lowercase HTTP method "post" is deprecated. Use uppercase HTTP method like "POST". in SYSTEMPATH\Router\RouteCollection.php on line 1026.
 1 SYSTEMPATH\Router\RouteCollection.php(1026): trigger_error('Passing lowercase HTTP method "post" is deprecated. Use uppercase HTTP method like "POST".', 16384)
 2 APPPATH\Config\Routes.php(83): CodeIgniter\Router\RouteCollection->match([...], 'connector', 'Admin\\Media::connector')
 3 SYSTEMPATH\Router\RouteCollection.php(799): CodeIgniter\Router\RouteCollection->{closure:{closure:C:\project\new_perumahan\app\Config\Routes.php:45}:79}(Object(CodeIgniter\Router\RouteCollection))
 4 APPPATH\Config\Routes.php(79): CodeIgniter\Router\RouteCollection->group('media', Object(Closure))
 5 SYSTEMPATH\Router\RouteCollection.php(799): CodeIgniter\Router\RouteCollection->{closure:C:\project\new_perumahan\app\Config\Routes.php:45}(Object(CodeIgniter\Router\RouteCollection))
 6 APPPATH\Config\Routes.php(45): CodeIgniter\Router\RouteCollection->group('admin', [...], Object(Closure))
 7 SYSTEMPATH\Router\RouteCollection.php(339): require('C:\\project\\new_perumahan\\app\\Config\\Routes.php')
 8 SYSTEMPATH\CodeIgniter.php(841): CodeIgniter\Router\RouteCollection->loadRoutes()
 9 SYSTEMPATH\CodeIgniter.php(464): CodeIgniter\CodeIgniter->tryToRouteIt(null)
10 SYSTEMPATH\CodeIgniter.php(363): CodeIgniter\CodeIgniter->handleRequest(null, Object(Config\Cache), false)
11 SYSTEMPATH\Boot.php(417): CodeIgniter\CodeIgniter->run()
12 SYSTEMPATH\Boot.php(68): CodeIgniter\Boot::runCodeIgniter(Object(CodeIgniter\CodeIgniter))
13 FCPATH\index.php(59): CodeIgniter\Boot::bootWeb(Object(Config\Paths))
14 SYSTEMPATH\rewrite.php(44): require_once('C:\\project\\new_perumahan\\public\\index.php')
DEBUG - 2026-09-21 13:28:36 --> Session: Class initialized using 'CodeIgniter\Session\Handlers\FileHandler' driver.
WARNING - 2026-09-21 13:28:47 --> [DEPRECATED] Passing lowercase HTTP method "get" is deprecated. Use uppercase HTTP method like "GET". in SYSTEMPATH\Router\RouteCollection.php on line 1026.
 1 SYSTEMPATH\Router\RouteCollection.php(1026): trigger_error('Passing lowercase HTTP method "get" is deprecated. Use uppercase HTTP method like "GET".', 16384)
 2 APPPATH\Config\Routes.php(83): CodeIgniter\Router\RouteCollection->match([...], 'connector', 'Admin\\Media::connector')
 3 SYSTEMPATH\Router\RouteCollection.php(799): CodeIgniter\Router\RouteCollection->{closure:{closure:C:\project\new_perumahan\app\Config\Routes.php:45}:79}(Object(CodeIgniter\Router\RouteCollection))
 4 APPPATH\Config\Routes.php(79): CodeIgniter\Router\RouteCollection->group('media', Object(Closure))
 5 SYSTEMPATH\Router\RouteCollection.php(799): CodeIgniter\Router\RouteCollection->{closure:C:\project\new_perumahan\app\Config\Routes.php:45}(Object(CodeIgniter\Router\RouteCollection))
 6 APPPATH\Config\Routes.php(45): CodeIgniter\Router\RouteCollection->group('admin', [...], Object(Closure))
 7 SYSTEMPATH\Router\RouteCollection.php(339): require('C:\\project\\new_perumahan\\app\\Config\\Routes.php')
 8 SYSTEMPATH\CodeIgniter.php(841): CodeIgniter\Router\RouteCollection->loadRoutes()
 9 SYSTEMPATH\CodeIgniter.php(464): CodeIgniter\CodeIgniter->tryToRouteIt(null)
10 SYSTEMPATH\CodeIgniter.php(363): CodeIgniter\CodeIgniter->handleRequest(null, Object(Config\Cache), false)
11 SYSTEMPATH\Boot.php(417): CodeIgniter\CodeIgniter->run()
12 SYSTEMPATH\Boot.php(68): CodeIgniter\Boot::runCodeIgniter(Object(CodeIgniter\CodeIgniter))
13 FCPATH\index.php(59): CodeIgniter\Boot::bootWeb(Object(Config\Paths))
14 SYSTEMPATH\rewrite.php(44): require_once('C:\\project\\new_perumahan\\public\\index.php')
WARNING - 2026-09-21 13:28:47 --> [DEPRECATED] Passing lowercase HTTP method "post" is deprecated. Use uppercase HTTP method like "POST". in SYSTEMPATH\Router\RouteCollection.php on line 1026.
 1 SYSTEMPATH\Router\RouteCollection.php(1026): trigger_error('Passing lowercase HTTP method "post" is deprecated. Use uppercase HTTP method like "POST".', 16384)
 2 APPPATH\Config\Routes.php(83): CodeIgniter\Router\RouteCollection->match([...], 'connector', 'Admin\\Media::connector')
 3 SYSTEMPATH\Router\RouteCollection.php(799): CodeIgniter\Router\RouteCollection->{closure:{closure:C:\project\new_perumahan\app\Config\Routes.php:45}:79}(Object(CodeIgniter\Router\RouteCollection))
 4 APPPATH\Config\Routes.php(79): CodeIgniter\Router\RouteCollection->group('media', Object(Closure))
 5 SYSTEMPATH\Router\RouteCollection.php(799): CodeIgniter\Router\RouteCollection->{closure:C:\project\new_perumahan\app\Config\Routes.php:45}(Object(CodeIgniter\Router\RouteCollection))
 6 APPPATH\Config\Routes.php(45): CodeIgniter\Router\RouteCollection->group('admin', [...], Object(Closure))
 7 SYSTEMPATH\Router\RouteCollection.php(339): require('C:\\project\\new_perumahan\\app\\Config\\Routes.php')
 8 SYSTEMPATH\CodeIgniter.php(841): CodeIgniter\Router\RouteCollection->loadRoutes()
 9 SYSTEMPATH\CodeIgniter.php(464): CodeIgniter\CodeIgniter->tryToRouteIt(null)
10 SYSTEMPATH\CodeIgniter.php(363): CodeIgniter\CodeIgniter->handleRequest(null, Object(Config\Cache), false)
11 SYSTEMPATH\Boot.php(417): CodeIgniter\CodeIgniter->run()
12 SYSTEMPATH\Boot.php(68): CodeIgniter\Boot::runCodeIgniter(Object(CodeIgniter\CodeIgniter))
13 FCPATH\index.php(59): CodeIgniter\Boot::bootWeb(Object(Config\Paths))
14 SYSTEMPATH\rewrite.php(44): require_once('C:\\project\\new_perumahan\\public\\index.php')
DEBUG - 2026-09-21 13:28:47 --> Session: Class initialized using 'CodeIgniter\Session\Handlers\FileHandler' driver.
WARNING - 2026-09-21 13:28:47 --> [DEPRECATED] Passing lowercase HTTP method "get" is deprecated. Use uppercase HTTP method like "GET". in SYSTEMPATH\Router\RouteCollection.php on line 1026.
 1 SYSTEMPATH\Router\RouteCollection.php(1026): trigger_error('Passing lowercase HTTP method "get" is deprecated. Use uppercase HTTP method like "GET".', 16384)
 2 APPPATH\Config\Routes.php(83): CodeIgniter\Router\RouteCollection->match([...], 'connector', 'Admin\\Media::connector')
 3 SYSTEMPATH\Router\RouteCollection.php(799): CodeIgniter\Router\RouteCollection->{closure:{closure:C:\project\new_perumahan\app\Config\Routes.php:45}:79}(Object(CodeIgniter\Router\RouteCollection))
 4 APPPATH\Config\Routes.php(79): CodeIgniter\Router\RouteCollection->group('media', Object(Closure))
 5 SYSTEMPATH\Router\RouteCollection.php(799): CodeIgniter\Router\RouteCollection->{closure:C:\project\new_perumahan\app\Config\Routes.php:45}(Object(CodeIgniter\Router\RouteCollection))
 6 APPPATH\Config\Routes.php(45): CodeIgniter\Router\RouteCollection->group('admin', [...], Object(Closure))
 7 SYSTEMPATH\Router\RouteCollection.php(339): require('C:\\project\\new_perumahan\\app\\Config\\Routes.php')
 8 SYSTEMPATH\CodeIgniter.php(841): CodeIgniter\Router\RouteCollection->loadRoutes()
 9 SYSTEMPATH\CodeIgniter.php(464): CodeIgniter\CodeIgniter->tryToRouteIt(null)
10 SYSTEMPATH\CodeIgniter.php(363): CodeIgniter\CodeIgniter->handleRequest(null, Object(Config\Cache), false)
11 SYSTEMPATH\Boot.php(417): CodeIgniter\CodeIgniter->run()
12 SYSTEMPATH\Boot.php(68): CodeIgniter\Boot::runCodeIgniter(Object(CodeIgniter\CodeIgniter))
13 FCPATH\index.php(59): CodeIgniter\Boot::bootWeb(Object(Config\Paths))
14 SYSTEMPATH\rewrite.php(44): require_once('C:\\project\\new_perumahan\\public\\index.php')
WARNING - 2026-09-21 13:28:47 --> [DEPRECATED] Passing lowercase HTTP method "post" is deprecated. Use uppercase HTTP method like "POST". in SYSTEMPATH\Router\RouteCollection.php on line 1026.
 1 SYSTEMPATH\Router\RouteCollection.php(1026): trigger_error('Passing lowercase HTTP method "post" is deprecated. Use uppercase HTTP method like "POST".', 16384)
 2 APPPATH\Config\Routes.php(83): CodeIgniter\Router\RouteCollection->match([...], 'connector', 'Admin\\Media::connector')
 3 SYSTEMPATH\Router\RouteCollection.php(799): CodeIgniter\Router\RouteCollection->{closure:{closure:C:\project\new_perumahan\app\Config\Routes.php:45}:79}(Object(CodeIgniter\Router\RouteCollection))
 4 APPPATH\Config\Routes.php(79): CodeIgniter\Router\RouteCollection->group('media', Object(Closure))
 5 SYSTEMPATH\Router\RouteCollection.php(799): CodeIgniter\Router\RouteCollection->{closure:C:\project\new_perumahan\app\Config\Routes.php:45}(Object(CodeIgniter\Router\RouteCollection))
 6 APPPATH\Config\Routes.php(45): CodeIgniter\Router\RouteCollection->group('admin', [...], Object(Closure))
 7 SYSTEMPATH\Router\RouteCollection.php(339): require('C:\\project\\new_perumahan\\app\\Config\\Routes.php')
 8 SYSTEMPATH\CodeIgniter.php(841): CodeIgniter\Router\RouteCollection->loadRoutes()
 9 SYSTEMPATH\CodeIgniter.php(464): CodeIgniter\CodeIgniter->tryToRouteIt(null)
10 SYSTEMPATH\CodeIgniter.php(363): CodeIgniter\CodeIgniter->handleRequest(null, Object(Config\Cache), false)
11 SYSTEMPATH\Boot.php(417): CodeIgniter\CodeIgniter->run()
12 SYSTEMPATH\Boot.php(68): CodeIgniter\Boot::runCodeIgniter(Object(CodeIgniter\CodeIgniter))
13 FCPATH\index.php(59): CodeIgniter\Boot::bootWeb(Object(Config\Paths))
14 SYSTEMPATH\rewrite.php(44): require_once('C:\\project\\new_perumahan\\public\\index.php')
DEBUG - 2026-09-21 13:28:47 --> Session: Class initialized using 'CodeIgniter\Session\Handlers\FileHandler' driver.
WARNING - 2026-09-21 13:28:52 --> [DEPRECATED] Passing lowercase HTTP method "get" is deprecated. Use uppercase HTTP method like "GET". in SYSTEMPATH\Router\RouteCollection.php on line 1026.
 1 SYSTEMPATH\Router\RouteCollection.php(1026): trigger_error('Passing lowercase HTTP method "get" is deprecated. Use uppercase HTTP method like "GET".', 16384)
 2 APPPATH\Config\Routes.php(83): CodeIgniter\Router\RouteCollection->match([...], 'connector', 'Admin\\Media::connector')
 3 SYSTEMPATH\Router\RouteCollection.php(799): CodeIgniter\Router\RouteCollection->{closure:{closure:C:\project\new_perumahan\app\Config\Routes.php:45}:79}(Object(CodeIgniter\Router\RouteCollection))
 4 APPPATH\Config\Routes.php(79): CodeIgniter\Router\RouteCollection->group('media', Object(Closure))
 5 SYSTEMPATH\Router\RouteCollection.php(799): CodeIgniter\Router\RouteCollection->{closure:C:\project\new_perumahan\app\Config\Routes.php:45}(Object(CodeIgniter\Router\RouteCollection))
 6 APPPATH\Config\Routes.php(45): CodeIgniter\Router\RouteCollection->group('admin', [...], Object(Closure))
 7 SYSTEMPATH\Router\RouteCollection.php(339): require('C:\\project\\new_perumahan\\app\\Config\\Routes.php')
 8 SYSTEMPATH\CodeIgniter.php(841): CodeIgniter\Router\RouteCollection->loadRoutes()
 9 SYSTEMPATH\CodeIgniter.php(464): CodeIgniter\CodeIgniter->tryToRouteIt(null)
10 SYSTEMPATH\CodeIgniter.php(363): CodeIgniter\CodeIgniter->handleRequest(null, Object(Config\Cache), false)
11 SYSTEMPATH\Boot.php(417): CodeIgniter\CodeIgniter->run()
12 SYSTEMPATH\Boot.php(68): CodeIgniter\Boot::runCodeIgniter(Object(CodeIgniter\CodeIgniter))
13 FCPATH\index.php(59): CodeIgniter\Boot::bootWeb(Object(Config\Paths))
14 SYSTEMPATH\rewrite.php(44): require_once('C:\\project\\new_perumahan\\public\\index.php')
WARNING - 2026-09-21 13:28:52 --> [DEPRECATED] Passing lowercase HTTP method "post" is deprecated. Use uppercase HTTP method like "POST". in SYSTEMPATH\Router\RouteCollection.php on line 1026.
 1 SYSTEMPATH\Router\RouteCollection.php(1026): trigger_error('Passing lowercase HTTP method "post" is deprecated. Use uppercase HTTP method like "POST".', 16384)
 2 APPPATH\Config\Routes.php(83): CodeIgniter\Router\RouteCollection->match([...], 'connector', 'Admin\\Media::connector')
 3 SYSTEMPATH\Router\RouteCollection.php(799): CodeIgniter\Router\RouteCollection->{closure:{closure:C:\project\new_perumahan\app\Config\Routes.php:45}:79}(Object(CodeIgniter\Router\RouteCollection))
 4 APPPATH\Config\Routes.php(79): CodeIgniter\Router\RouteCollection->group('media', Object(Closure))
 5 SYSTEMPATH\Router\RouteCollection.php(799): CodeIgniter\Router\RouteCollection->{closure:C:\project\new_perumahan\app\Config\Routes.php:45}(Object(CodeIgniter\Router\RouteCollection))
 6 APPPATH\Config\Routes.php(45): CodeIgniter\Router\RouteCollection->group('admin', [...], Object(Closure))
 7 SYSTEMPATH\Router\RouteCollection.php(339): require('C:\\project\\new_perumahan\\app\\Config\\Routes.php')
 8 SYSTEMPATH\CodeIgniter.php(841): CodeIgniter\Router\RouteCollection->loadRoutes()
 9 SYSTEMPATH\CodeIgniter.php(464): CodeIgniter\CodeIgniter->tryToRouteIt(null)
10 SYSTEMPATH\CodeIgniter.php(363): CodeIgniter\CodeIgniter->handleRequest(null, Object(Config\Cache), false)
11 SYSTEMPATH\Boot.php(417): CodeIgniter\CodeIgniter->run()
12 SYSTEMPATH\Boot.php(68): CodeIgniter\Boot::runCodeIgniter(Object(CodeIgniter\CodeIgniter))
13 FCPATH\index.php(59): CodeIgniter\Boot::bootWeb(Object(Config\Paths))
14 SYSTEMPATH\rewrite.php(44): require_once('C:\\project\\new_perumahan\\public\\index.php')
DEBUG - 2026-09-21 13:28:52 --> Session: Class initialized using 'CodeIgniter\Session\Handlers\FileHandler' driver.
WARNING - 2026-09-21 13:28:53 --> [DEPRECATED] Passing lowercase HTTP method "get" is deprecated. Use uppercase HTTP method like "GET". in SYSTEMPATH\Router\RouteCollection.php on line 1026.
 1 SYSTEMPATH\Router\RouteCollection.php(1026): trigger_error('Passing lowercase HTTP method "get" is deprecated. Use uppercase HTTP method like "GET".', 16384)
 2 APPPATH\Config\Routes.php(83): CodeIgniter\Router\RouteCollection->match([...], 'connector', 'Admin\\Media::connector')
 3 SYSTEMPATH\Router\RouteCollection.php(799): CodeIgniter\Router\RouteCollection->{closure:{closure:C:\project\new_perumahan\app\Config\Routes.php:45}:79}(Object(CodeIgniter\Router\RouteCollection))
 4 APPPATH\Config\Routes.php(79): CodeIgniter\Router\RouteCollection->group('media', Object(Closure))
 5 SYSTEMPATH\Router\RouteCollection.php(799): CodeIgniter\Router\RouteCollection->{closure:C:\project\new_perumahan\app\Config\Routes.php:45}(Object(CodeIgniter\Router\RouteCollection))
 6 APPPATH\Config\Routes.php(45): CodeIgniter\Router\RouteCollection->group('admin', [...], Object(Closure))
 7 SYSTEMPATH\Router\RouteCollection.php(339): require('C:\\project\\new_perumahan\\app\\Config\\Routes.php')
 8 SYSTEMPATH\CodeIgniter.php(841): CodeIgniter\Router\RouteCollection->loadRoutes()
 9 SYSTEMPATH\CodeIgniter.php(464): CodeIgniter\CodeIgniter->tryToRouteIt(null)
10 SYSTEMPATH\CodeIgniter.php(363): CodeIgniter\CodeIgniter->handleRequest(null, Object(Config\Cache), false)
11 SYSTEMPATH\Boot.php(417): CodeIgniter\CodeIgniter->run()
12 SYSTEMPATH\Boot.php(68): CodeIgniter\Boot::runCodeIgniter(Object(CodeIgniter\CodeIgniter))
13 FCPATH\index.php(59): CodeIgniter\Boot::bootWeb(Object(Config\Paths))
14 SYSTEMPATH\rewrite.php(44): require_once('C:\\project\\new_perumahan\\public\\index.php')
WARNING - 2026-09-21 13:28:53 --> [DEPRECATED] Passing lowercase HTTP method "post" is deprecated. Use uppercase HTTP method like "POST". in SYSTEMPATH\Router\RouteCollection.php on line 1026.
 1 SYSTEMPATH\Router\RouteCollection.php(1026): trigger_error('Passing lowercase HTTP method "post" is deprecated. Use uppercase HTTP method like "POST".', 16384)
 2 APPPATH\Config\Routes.php(83): CodeIgniter\Router\RouteCollection->match([...], 'connector', 'Admin\\Media::connector')
 3 SYSTEMPATH\Router\RouteCollection.php(799): CodeIgniter\Router\RouteCollection->{closure:{closure:C:\project\new_perumahan\app\Config\Routes.php:45}:79}(Object(CodeIgniter\Router\RouteCollection))
 4 APPPATH\Config\Routes.php(79): CodeIgniter\Router\RouteCollection->group('media', Object(Closure))
 5 SYSTEMPATH\Router\RouteCollection.php(799): CodeIgniter\Router\RouteCollection->{closure:C:\project\new_perumahan\app\Config\Routes.php:45}(Object(CodeIgniter\Router\RouteCollection))
 6 APPPATH\Config\Routes.php(45): CodeIgniter\Router\RouteCollection->group('admin', [...], Object(Closure))
 7 SYSTEMPATH\Router\RouteCollection.php(339): require('C:\\project\\new_perumahan\\app\\Config\\Routes.php')
 8 SYSTEMPATH\CodeIgniter.php(841): CodeIgniter\Router\RouteCollection->loadRoutes()
 9 SYSTEMPATH\CodeIgniter.php(464): CodeIgniter\CodeIgniter->tryToRouteIt(null)
10 SYSTEMPATH\CodeIgniter.php(363): CodeIgniter\CodeIgniter->handleRequest(null, Object(Config\Cache), false)
11 SYSTEMPATH\Boot.php(417): CodeIgniter\CodeIgniter->run()
12 SYSTEMPATH\Boot.php(68): CodeIgniter\Boot::runCodeIgniter(Object(CodeIgniter\CodeIgniter))
13 FCPATH\index.php(59): CodeIgniter\Boot::bootWeb(Object(Config\Paths))
14 SYSTEMPATH\rewrite.php(44): require_once('C:\\project\\new_perumahan\\public\\index.php')
DEBUG - 2026-09-21 13:28:53 --> Session: Class initialized using 'CodeIgniter\Session\Handlers\FileHandler' driver.
WARNING - 2026-09-21 13:29:02 --> [DEPRECATED] Passing lowercase HTTP method "get" is deprecated. Use uppercase HTTP method like "GET". in SYSTEMPATH\Router\RouteCollection.php on line 1026.
 1 SYSTEMPATH\Router\RouteCollection.php(1026): trigger_error('Passing lowercase HTTP method "get" is deprecated. Use uppercase HTTP method like "GET".', 16384)
 2 APPPATH\Config\Routes.php(83): CodeIgniter\Router\RouteCollection->match([...], 'connector', 'Admin\\Media::connector')
 3 SYSTEMPATH\Router\RouteCollection.php(799): CodeIgniter\Router\RouteCollection->{closure:{closure:C:\project\new_perumahan\app\Config\Routes.php:45}:79}(Object(CodeIgniter\Router\RouteCollection))
 4 APPPATH\Config\Routes.php(79): CodeIgniter\Router\RouteCollection->group('media', Object(Closure))
 5 SYSTEMPATH\Router\RouteCollection.php(799): CodeIgniter\Router\RouteCollection->{closure:C:\project\new_perumahan\app\Config\Routes.php:45}(Object(CodeIgniter\Router\RouteCollection))
 6 APPPATH\Config\Routes.php(45): CodeIgniter\Router\RouteCollection->group('admin', [...], Object(Closure))
 7 SYSTEMPATH\Router\RouteCollection.php(339): require('C:\\project\\new_perumahan\\app\\Config\\Routes.php')
 8 SYSTEMPATH\CodeIgniter.php(841): CodeIgniter\Router\RouteCollection->loadRoutes()
 9 SYSTEMPATH\CodeIgniter.php(464): CodeIgniter\CodeIgniter->tryToRouteIt(null)
10 SYSTEMPATH\CodeIgniter.php(363): CodeIgniter\CodeIgniter->handleRequest(null, Object(Config\Cache), false)
11 SYSTEMPATH\Boot.php(417): CodeIgniter\CodeIgniter->run()
12 SYSTEMPATH\Boot.php(68): CodeIgniter\Boot::runCodeIgniter(Object(CodeIgniter\CodeIgniter))
13 FCPATH\index.php(59): CodeIgniter\Boot::bootWeb(Object(Config\Paths))
14 SYSTEMPATH\rewrite.php(44): require_once('C:\\project\\new_perumahan\\public\\index.php')
WARNING - 2026-09-21 13:29:02 --> [DEPRECATED] Passing lowercase HTTP method "post" is deprecated. Use uppercase HTTP method like "POST". in SYSTEMPATH\Router\RouteCollection.php on line 1026.
 1 SYSTEMPATH\Router\RouteCollection.php(1026): trigger_error('Passing lowercase HTTP method "post" is deprecated. Use uppercase HTTP method like "POST".', 16384)
 2 APPPATH\Config\Routes.php(83): CodeIgniter\Router\RouteCollection->match([...], 'connector', 'Admin\\Media::connector')
 3 SYSTEMPATH\Router\RouteCollection.php(799): CodeIgniter\Router\RouteCollection->{closure:{closure:C:\project\new_perumahan\app\Config\Routes.php:45}:79}(Object(CodeIgniter\Router\RouteCollection))
 4 APPPATH\Config\Routes.php(79): CodeIgniter\Router\RouteCollection->group('media', Object(Closure))
 5 SYSTEMPATH\Router\RouteCollection.php(799): CodeIgniter\Router\RouteCollection->{closure:C:\project\new_perumahan\app\Config\Routes.php:45}(Object(CodeIgniter\Router\RouteCollection))
 6 APPPATH\Config\Routes.php(45): CodeIgniter\Router\RouteCollection->group('admin', [...], Object(Closure))
 7 SYSTEMPATH\Router\RouteCollection.php(339): require('C:\\project\\new_perumahan\\app\\Config\\Routes.php')
 8 SYSTEMPATH\CodeIgniter.php(841): CodeIgniter\Router\RouteCollection->loadRoutes()
 9 SYSTEMPATH\CodeIgniter.php(464): CodeIgniter\CodeIgniter->tryToRouteIt(null)
10 SYSTEMPATH\CodeIgniter.php(363): CodeIgniter\CodeIgniter->handleRequest(null, Object(Config\Cache), false)
11 SYSTEMPATH\Boot.php(417): CodeIgniter\CodeIgniter->run()
12 SYSTEMPATH\Boot.php(68): CodeIgniter\Boot::runCodeIgniter(Object(CodeIgniter\CodeIgniter))
13 FCPATH\index.php(59): CodeIgniter\Boot::bootWeb(Object(Config\Paths))
14 SYSTEMPATH\rewrite.php(44): require_once('C:\\project\\new_perumahan\\public\\index.php')
DEBUG - 2026-09-21 13:29:02 --> Session: Class initialized using 'CodeIgniter\Session\Handlers\FileHandler' driver.
WARNING - 2026-09-21 15:25:36 --> [DEPRECATED] Passing lowercase HTTP method "get" is deprecated. Use uppercase HTTP method like "GET". in SYSTEMPATH\Router\RouteCollection.php on line 1026.
 1 SYSTEMPATH\Router\RouteCollection.php(1026): trigger_error('Passing lowercase HTTP method "get" is deprecated. Use uppercase HTTP method like "GET".', 16384)
 2 APPPATH\Config\Routes.php(83): CodeIgniter\Router\RouteCollection->match([...], 'connector', 'Admin\\Media::connector')
 3 SYSTEMPATH\Router\RouteCollection.php(799): CodeIgniter\Router\RouteCollection->{closure:{closure:C:\project\new_perumahan\app\Config\Routes.php:45}:79}(Object(CodeIgniter\Router\RouteCollection))
 4 APPPATH\Config\Routes.php(79): CodeIgniter\Router\RouteCollection->group('media', Object(Closure))
 5 SYSTEMPATH\Router\RouteCollection.php(799): CodeIgniter\Router\RouteCollection->{closure:C:\project\new_perumahan\app\Config\Routes.php:45}(Object(CodeIgniter\Router\RouteCollection))
 6 APPPATH\Config\Routes.php(45): CodeIgniter\Router\RouteCollection->group('admin', [...], Object(Closure))
 7 SYSTEMPATH\Router\RouteCollection.php(339): require('C:\\project\\new_perumahan\\app\\Config\\Routes.php')
 8 SYSTEMPATH\CodeIgniter.php(841): CodeIgniter\Router\RouteCollection->loadRoutes()
 9 SYSTEMPATH\CodeIgniter.php(464): CodeIgniter\CodeIgniter->tryToRouteIt(null)
10 SYSTEMPATH\CodeIgniter.php(363): CodeIgniter\CodeIgniter->handleRequest(null, Object(Config\Cache), false)
11 SYSTEMPATH\Boot.php(417): CodeIgniter\CodeIgniter->run()
12 SYSTEMPATH\Boot.php(68): CodeIgniter\Boot::runCodeIgniter(Object(CodeIgniter\CodeIgniter))
13 FCPATH\index.php(59): CodeIgniter\Boot::bootWeb(Object(Config\Paths))
14 SYSTEMPATH\rewrite.php(44): require_once('C:\\project\\new_perumahan\\public\\index.php')
WARNING - 2026-09-21 15:25:36 --> [DEPRECATED] Passing lowercase HTTP method "post" is deprecated. Use uppercase HTTP method like "POST". in SYSTEMPATH\Router\RouteCollection.php on line 1026.
 1 SYSTEMPATH\Router\RouteCollection.php(1026): trigger_error('Passing lowercase HTTP method "post" is deprecated. Use uppercase HTTP method like "POST".', 16384)
 2 APPPATH\Config\Routes.php(83): CodeIgniter\Router\RouteCollection->match([...], 'connector', 'Admin\\Media::connector')
 3 SYSTEMPATH\Router\RouteCollection.php(799): CodeIgniter\Router\RouteCollection->{closure:{closure:C:\project\new_perumahan\app\Config\Routes.php:45}:79}(Object(CodeIgniter\Router\RouteCollection))
 4 APPPATH\Config\Routes.php(79): CodeIgniter\Router\RouteCollection->group('media', Object(Closure))
 5 SYSTEMPATH\Router\RouteCollection.php(799): CodeIgniter\Router\RouteCollection->{closure:C:\project\new_perumahan\app\Config\Routes.php:45}(Object(CodeIgniter\Router\RouteCollection))
 6 APPPATH\Config\Routes.php(45): CodeIgniter\Router\RouteCollection->group('admin', [...], Object(Closure))
 7 SYSTEMPATH\Router\RouteCollection.php(339): require('C:\\project\\new_perumahan\\app\\Config\\Routes.php')
 8 SYSTEMPATH\CodeIgniter.php(841): CodeIgniter\Router\RouteCollection->loadRoutes()
 9 SYSTEMPATH\CodeIgniter.php(464): CodeIgniter\CodeIgniter->tryToRouteIt(null)
10 SYSTEMPATH\CodeIgniter.php(363): CodeIgniter\CodeIgniter->handleRequest(null, Object(Config\Cache), false)
11 SYSTEMPATH\Boot.php(417): CodeIgniter\CodeIgniter->run()
12 SYSTEMPATH\Boot.php(68): CodeIgniter\Boot::runCodeIgniter(Object(CodeIgniter\CodeIgniter))
13 FCPATH\index.php(59): CodeIgniter\Boot::bootWeb(Object(Config\Paths))
14 SYSTEMPATH\rewrite.php(44): require_once('C:\\project\\new_perumahan\\public\\index.php')
DEBUG - 2026-09-21 15:25:36 --> Session: Class initialized using 'CodeIgniter\Session\Handlers\FileHandler' driver.
WARNING - 2026-09-21 15:25:42 --> [DEPRECATED] Passing lowercase HTTP method "get" is deprecated. Use uppercase HTTP method like "GET". in SYSTEMPATH\Router\RouteCollection.php on line 1026.
 1 SYSTEMPATH\Router\RouteCollection.php(1026): trigger_error('Passing lowercase HTTP method "get" is deprecated. Use uppercase HTTP method like "GET".', 16384)
 2 APPPATH\Config\Routes.php(83): CodeIgniter\Router\RouteCollection->match([...], 'connector', 'Admin\\Media::connector')
 3 SYSTEMPATH\Router\RouteCollection.php(799): CodeIgniter\Router\RouteCollection->{closure:{closure:C:\project\new_perumahan\app\Config\Routes.php:45}:79}(Object(CodeIgniter\Router\RouteCollection))
 4 APPPATH\Config\Routes.php(79): CodeIgniter\Router\RouteCollection->group('media', Object(Closure))
 5 SYSTEMPATH\Router\RouteCollection.php(799): CodeIgniter\Router\RouteCollection->{closure:C:\project\new_perumahan\app\Config\Routes.php:45}(Object(CodeIgniter\Router\RouteCollection))
 6 APPPATH\Config\Routes.php(45): CodeIgniter\Router\RouteCollection->group('admin', [...], Object(Closure))
 7 SYSTEMPATH\Router\RouteCollection.php(339): require('C:\\project\\new_perumahan\\app\\Config\\Routes.php')
 8 SYSTEMPATH\CodeIgniter.php(841): CodeIgniter\Router\RouteCollection->loadRoutes()
 9 SYSTEMPATH\CodeIgniter.php(464): CodeIgniter\CodeIgniter->tryToRouteIt(null)
10 SYSTEMPATH\CodeIgniter.php(363): CodeIgniter\CodeIgniter->handleRequest(null, Object(Config\Cache), false)
11 SYSTEMPATH\Boot.php(417): CodeIgniter\CodeIgniter->run()
12 SYSTEMPATH\Boot.php(68): CodeIgniter\Boot::runCodeIgniter(Object(CodeIgniter\CodeIgniter))
13 FCPATH\index.php(59): CodeIgniter\Boot::bootWeb(Object(Config\Paths))
14 SYSTEMPATH\rewrite.php(44): require_once('C:\\project\\new_perumahan\\public\\index.php')
WARNING - 2026-09-21 15:25:42 --> [DEPRECATED] Passing lowercase HTTP method "post" is deprecated. Use uppercase HTTP method like "POST". in SYSTEMPATH\Router\RouteCollection.php on line 1026.
 1 SYSTEMPATH\Router\RouteCollection.php(1026): trigger_error('Passing lowercase HTTP method "post" is deprecated. Use uppercase HTTP method like "POST".', 16384)
 2 APPPATH\Config\Routes.php(83): CodeIgniter\Router\RouteCollection->match([...], 'connector', 'Admin\\Media::connector')
 3 SYSTEMPATH\Router\RouteCollection.php(799): CodeIgniter\Router\RouteCollection->{closure:{closure:C:\project\new_perumahan\app\Config\Routes.php:45}:79}(Object(CodeIgniter\Router\RouteCollection))
 4 APPPATH\Config\Routes.php(79): CodeIgniter\Router\RouteCollection->group('media', Object(Closure))
 5 SYSTEMPATH\Router\RouteCollection.php(799): CodeIgniter\Router\RouteCollection->{closure:C:\project\new_perumahan\app\Config\Routes.php:45}(Object(CodeIgniter\Router\RouteCollection))
 6 APPPATH\Config\Routes.php(45): CodeIgniter\Router\RouteCollection->group('admin', [...], Object(Closure))
 7 SYSTEMPATH\Router\RouteCollection.php(339): require('C:\\project\\new_perumahan\\app\\Config\\Routes.php')
 8 SYSTEMPATH\CodeIgniter.php(841): CodeIgniter\Router\RouteCollection->loadRoutes()
 9 SYSTEMPATH\CodeIgniter.php(464): CodeIgniter\CodeIgniter->tryToRouteIt(null)
10 SYSTEMPATH\CodeIgniter.php(363): CodeIgniter\CodeIgniter->handleRequest(null, Object(Config\Cache), false)
11 SYSTEMPATH\Boot.php(417): CodeIgniter\CodeIgniter->run()
12 SYSTEMPATH\Boot.php(68): CodeIgniter\Boot::runCodeIgniter(Object(CodeIgniter\CodeIgniter))
13 FCPATH\index.php(59): CodeIgniter\Boot::bootWeb(Object(Config\Paths))
14 SYSTEMPATH\rewrite.php(44): require_once('C:\\project\\new_perumahan\\public\\index.php')
DEBUG - 2026-09-21 15:25:42 --> Session: Class initialized using 'CodeIgniter\Session\Handlers\FileHandler' driver.
WARNING - 2026-09-21 15:41:17 --> [DEPRECATED] Passing lowercase HTTP method "get" is deprecated. Use uppercase HTTP method like "GET". in SYSTEMPATH\Router\RouteCollection.php on line 1026.
 1 SYSTEMPATH\Router\RouteCollection.php(1026): trigger_error('Passing lowercase HTTP method "get" is deprecated. Use uppercase HTTP method like "GET".', 16384)
 2 APPPATH\Config\Routes.php(83): CodeIgniter\Router\RouteCollection->match([...], 'connector', 'Admin\\Media::connector')
 3 SYSTEMPATH\Router\RouteCollection.php(799): CodeIgniter\Router\RouteCollection->{closure:{closure:C:\project\new_perumahan\app\Config\Routes.php:45}:79}(Object(CodeIgniter\Router\RouteCollection))
 4 APPPATH\Config\Routes.php(79): CodeIgniter\Router\RouteCollection->group('media', Object(Closure))
 5 SYSTEMPATH\Router\RouteCollection.php(799): CodeIgniter\Router\RouteCollection->{closure:C:\project\new_perumahan\app\Config\Routes.php:45}(Object(CodeIgniter\Router\RouteCollection))
 6 APPPATH\Config\Routes.php(45): CodeIgniter\Router\RouteCollection->group('admin', [...], Object(Closure))
 7 SYSTEMPATH\Router\RouteCollection.php(339): require('C:\\project\\new_perumahan\\app\\Config\\Routes.php')
 8 SYSTEMPATH\CodeIgniter.php(841): CodeIgniter\Router\RouteCollection->loadRoutes()
 9 SYSTEMPATH\CodeIgniter.php(464): CodeIgniter\CodeIgniter->tryToRouteIt(null)
10 SYSTEMPATH\CodeIgniter.php(363): CodeIgniter\CodeIgniter->handleRequest(null, Object(Config\Cache), false)
11 SYSTEMPATH\Boot.php(417): CodeIgniter\CodeIgniter->run()
12 SYSTEMPATH\Boot.php(68): CodeIgniter\Boot::runCodeIgniter(Object(CodeIgniter\CodeIgniter))
13 FCPATH\index.php(59): CodeIgniter\Boot::bootWeb(Object(Config\Paths))
14 SYSTEMPATH\rewrite.php(44): require_once('C:\\project\\new_perumahan\\public\\index.php')
WARNING - 2026-09-21 15:41:17 --> [DEPRECATED] Passing lowercase HTTP method "post" is deprecated. Use uppercase HTTP method like "POST". in SYSTEMPATH\Router\RouteCollection.php on line 1026.
 1 SYSTEMPATH\Router\RouteCollection.php(1026): trigger_error('Passing lowercase HTTP method "post" is deprecated. Use uppercase HTTP method like "POST".', 16384)
 2 APPPATH\Config\Routes.php(83): CodeIgniter\Router\RouteCollection->match([...], 'connector', 'Admin\\Media::connector')
 3 SYSTEMPATH\Router\RouteCollection.php(799): CodeIgniter\Router\RouteCollection->{closure:{closure:C:\project\new_perumahan\app\Config\Routes.php:45}:79}(Object(CodeIgniter\Router\RouteCollection))
 4 APPPATH\Config\Routes.php(79): CodeIgniter\Router\RouteCollection->group('media', Object(Closure))
 5 SYSTEMPATH\Router\RouteCollection.php(799): CodeIgniter\Router\RouteCollection->{closure:C:\project\new_perumahan\app\Config\Routes.php:45}(Object(CodeIgniter\Router\RouteCollection))
 6 APPPATH\Config\Routes.php(45): CodeIgniter\Router\RouteCollection->group('admin', [...], Object(Closure))
 7 SYSTEMPATH\Router\RouteCollection.php(339): require('C:\\project\\new_perumahan\\app\\Config\\Routes.php')
 8 SYSTEMPATH\CodeIgniter.php(841): CodeIgniter\Router\RouteCollection->loadRoutes()
 9 SYSTEMPATH\CodeIgniter.php(464): CodeIgniter\CodeIgniter->tryToRouteIt(null)
10 SYSTEMPATH\CodeIgniter.php(363): CodeIgniter\CodeIgniter->handleRequest(null, Object(Config\Cache), false)
11 SYSTEMPATH\Boot.php(417): CodeIgniter\CodeIgniter->run()
12 SYSTEMPATH\Boot.php(68): CodeIgniter\Boot::runCodeIgniter(Object(CodeIgniter\CodeIgniter))
13 FCPATH\index.php(59): CodeIgniter\Boot::bootWeb(Object(Config\Paths))
14 SYSTEMPATH\rewrite.php(44): require_once('C:\\project\\new_perumahan\\public\\index.php')
DEBUG - 2026-09-21 15:41:17 --> Session: Class initialized using 'CodeIgniter\Session\Handlers\FileHandler' driver.
